username,Notes,author_followers,author_tweets,author_description,User type- Eric,User type-Brooke,User type-Ian,User Type- Match B&E?,Personal/Institutional-Eric,Personal/Institutional-Brooke,Personal/Institutional-Ian,Personal/Institutiona-Match B&E?,text,Topic-Eric,Topic-Brooke,Topic-Ian,Topic-Match B&E?,Valence-Eric,Valence-Brooke,Valence-Ian,Valence-Match BE?,created_at,retweets,replies,likes,quote_count,author_location,author_id
NelpNews,,11229,33073,National Employment Law Project strives to build economic security and opportunity for working people.,Other Relevant Actors,Other Relevant Actors,Other Relevant Actors,1,Institutional,Institutional,Institutional,1,"""What the wage hike amounts to, then, is a gift from management. Amazon workers don‚Äôt need gifts when it‚Äôs convenient for Amazon; they need the ability to negotiate these things for themselves, on their own terms.""

https://t.co/ctFrmR6Vjd

#Amazon15 #AmazonHQ2 #FightFor15 #1u",Amazon (Not HQ2),Amazon (Not HQ2),Amazon (Not HQ2),1,Unsupportive,Unclear,Unsupportive,0,2018-11-24 16:20:02+00:00,4,0,5,0,United States,78461452
thestaredmonton,,55645,82619,"Local stories covered by the journalists who live here ‚Äî plus the best investigations, opinion, national and international news.",Media,Media,Media,1,Institutional,Institutional,Institutional,1,'In it to win it': Edmonton puts in bid for new Amazon headquarters. #yeg #AmazonHQ2 https://t.co/9aJy66s3fy https://t.co/YnNCsP9kW6,Amazon HQ2- with opinion,Amazon HQ2- No opinion,Amazon HQ2- with opinion,0,Supportive,Unclear,Supportive,0,2017-10-19 22:21:23+00:00,4,0,7,0,"Edmonton, Alberta",21215544
jesseblucero,,7709,61636,"#Digital #Advertiser ~ LOVER of LIFE, music, art and nature. Father, friend and adventurer while building an epic #brand at #VegasTopMarketers #film #ads",General Public,General Public,Business Account,1,Personal,Personal,Personal,1,"Entrepreneur: These 5 Cities Pulled Out All the Stops to Get #AmazonHQ2. They Didn't Make the Cut, But We Salute the Attempt. | by NinaZipkin https://t.co/efSHAc7y7S #entrepreneur #smallbiz #ersloanguy",Amazon HQ2- with opinion,Amazon HQ2- No opinion,Amazon HQ2- with opinion,0,Supportive,Unclear,Supportive,0,2018-01-18 19:27:11+00:00,0,0,0,0,"Summerlin South, NV",7.20E+17
KathleenHenry10,,317,1634,,General Public,General Public,Other Relevant Actors,1,Personal,Personal,Personal,1,Listen to the experts üëáüëá #TriangleDelivers #AmazonHQ2 #Raleigh #Top20 https://t.co/P1mkVCufVZ,Amazon HQ2- with opinion,Amazon HQ2- No opinion,Amazon HQ2- with opinion,0,Unclear,Unclear,Supportive,1,2018-01-18 18:32:25+00:00,1,0,10,0,,722787385
DarMagnani,,252,9959,"Chemist turned investor, psychologist turned photographer & designer. Coffee lover, tech addicted, architecture fanatic. Not in this order, except coffee first.",General Public,General Public,General Public,1,Personal,Personal,Personal,1,"So, Amazon has spoken: while NYC is quite logical, Northern Virginia sounds a bit odd...
#Amazon #AmazonHQ2 #NYC https://t.co/XbokUpiDYQ",Amazon HQ2- No opinion,Amazon HQ2- No opinion,Amazon HQ2- with opinion,1,,,Unclear,,2018-11-13 02:58:04+00:00,0,0,0,0,"Vienna, AT & Milano, IT",931173426
andrewmossca,,341,1126,Champion of Human Potential ‚Ä¢ Guiding Ambitious People to Unleash Their Unique Genius and Impact on the World,General Public,General Public,General Public,1,Personal,Personal,Personal,1,@laurastevens Toronto #AmazonHQ2 #WeTheNorth,Amazon HQ2- with opinion,Amazon HQ2- No opinion,Amazon HQ2- No opinion,0,Unclear,,,0,2018-11-05 23:57:50+00:00,0,1,4,0,"Toronto, Ontario",3303402952
DBJpublisher,,1244,1688,"Market President, Publisher & Chief Bootlicker, Denver Business Journal",Media,Media,Media,1,Personal,Personal,Personal,1,"Retired #BofA CEO Hugh McColl lobbies Jeff Bezos, worries #HB2 hurts #AmazonHQ2 pitch https://t.co/ykImqzWjHJ",Amazon HQ2- No opinion,Amazon HQ2- No opinion,Amazon HQ2- No opinion,1,,,,,2017-10-16 20:05:28+00:00,1,0,1,0,"Denver, CO",36452564
jeffreyrohr,,805,957,CEO & Founder @SquareOffs üß± Building The Opinion Network üëâ Discover what people are thinking: https://t.co/KscZlK14BX,Other Relevant Actors,General Public,Business Account,0,Personal,Personal,Personal,1,#KC is number 1 on the list https://t.co/g8iSHXQ47f #AmazonHQ2 #Amazon @amazon,Amazon HQ2- with opinion,Amazon HQ2- No opinion,Amazon HQ2- No opinion,0,Supportive,,,0,2017-09-08 20:44:16+00:00,0,0,1,0,,171207465
MuckRock,,36476,67111,"MuckRock is the easy way to request, analyze & share public records, making government more transparent and democracies more informed. info@muckrock.com",Other Relevant Actors,Other Relevant Actors,Business Account,1,Institutional,Institutional,Institutional,1,"After months of secrecy, #NewYorkCity has become the 82nd municipality to release its #AmazonHQ2 bid https://t.co/cs0WmR6Qbs https://t.co/V35jKh6wVz",Amazon HQ2- No opinion,Amazon HQ2- No opinion,Amazon HQ2- No opinion,1,,,,,2018-12-13 15:32:02+00:00,1,0,1,0,Coast to Coast,124531391
seattletimes,,692051,218463,"Local news, sports, business, politics, entertainment, travel, restaurants and opinion for Seattle and the Pacific Northwest. Subscribe here: https://t.co/sm48xeS8Ko",Media,Media,Media,1,Institutional,Institutional,Institutional,1,"Amazon narrows the field in its search for a second headquarters to 20 finalists from among 238 proposals. 

Which community do you think will win Amazon's HQ2? Vote in the poll in story: https://t.co/wtJv0LwNYZ #AmazonHQ2 https://t.co/P8E3x0tkMs",Amazon HQ2- No opinion,Amazon HQ2- No opinion,Amazon HQ2- No opinion,1,,,,,2018-01-18 19:56:05+00:00,5,1,6,0,"Seattle, WA",14352556
svbizjournal,,26882,119710,"Fast-breaking business news in the world's leading tech hub. Follow us for exclusive news on Silicon Valley tech, real estate, entrepreneurs and executives.",Media,Media,Media,1,Institutional,Institutional,Institutional,1,Can Silicon Valley compete in Amazon's 'Olympics' for a new HQ? https://t.co/SdpFQVrF93 #AmazonHQ2,Amazon HQ2- No opinion,Amazon HQ2- No opinion,Amazon HQ2- No opinion,1,,,,,2017-09-19 18:30:03+00:00,0,0,0,0,Silicon Valley,17625154
AK_Aknowing,,133,1058,"Business, Tech, skills building news and articles to make sure that you are well-equipped for any business problems, cases or job interviews.",Media,Media,Other Relevant Actors,1,Institutional,Institutional,Institutional,1,Wanna know how Amazon HQ2 will affect your financial life if your city lands it? https://t.co/6yB4IyWNF9 #NGW #AmazonHQ2 https://t.co/T724OBBfyG,Amazon HQ2- No opinion,Amazon HQ2- No opinion,Amazon HQ2- No opinion,1,,,,,2018-01-03 10:00:42+00:00,0,0,1,0,,8.84E+17
KeriShullTeam,,710,4580,Helping YOU buy and sell homes throughout the DMV area! Ranked #1 Real Estate Team in #ArlingtonVA - contact@kerishullteam.com,Business Account,Other Relevant Actors,Other Relevant Actors,0,Institutional,Institutional,Institutional,1,"Want to know how Amazon HQ2 will change the value of your home? Follow the link below to our FREE home value calculator! #realestate #AmazonHQ2 #Amazon #realestate #Arlington #Arlingtonrealestate 
https://t.co/Du44QAUj1y https://t.co/6zQxadm29w",Amazon HQ2- No opinion,Amazon HQ2- No opinion,Amazon HQ2- No opinion,1,,,,,2018-11-13 16:48:02+00:00,0,0,0,0,"Arlington, VA",373032873
AmazonSellerLaw,,3216,2410,"Your go to legal service for complaints, Amazon suspensions, and violations, as well as lawyer to lawyer services.",Other Relevant Actors,Other Relevant Actors,Other Relevant Actors,1,Institutional,Institutional,Institutional,1,"Starting a new HQ: Amazon selects 20 candidates suitable for the 2nd headquarters beyond Seattle. - Amazon Sellers Lawyer | Rosenbaum Famularo, PC - https://t.co/sbw55NNXxv #Amazon2ndHeadquarters #AmazonDroneDelivery #AmazonHQ2 #PrimeAirDeliverySystem https://t.co/Djp4W9NwYp",Amazon HQ2- No opinion,Amazon HQ2- No opinion,Amazon HQ2- No opinion,1,,,,,2018-05-29 16:38:08+00:00,0,0,0,0,"New York, NY",7.10E+17
techjunkiejh,,28555,403533,"https://t.co/mVXNWwBD1G , promoter of coding. Coding should be fun. How you think is just as important as what you think. News,games,Movies,TV, invest junkie",Business Account,General Public,General Public,0,Institutional,Personal,Personal,0,These U.S. cities have the best chance of being Amazon‚Äôs second headquarters. https://t.co/BlBB6SVRnI #AmazonHQ2 https://t.co/Ncowjg4qjz,Amazon HQ2- No opinion,Amazon HQ2- No opinion,Amazon HQ2- No opinion,1,,,,,2017-09-12 08:00:08+00:00,1,0,1,0,,3064266184
melia_arter,,150,2382,BLM // ACAB üåæ eco-anxious media studies & visual cultures ‚Ä¢ Utah Environmental Humanities üèú ‚Ä¢ she//her,General Public,General Public,Knowledge Workers,1,Personal,Personal,Personal,1,Who's here for an #amazonHQ2 betting pool??,Amazon HQ2- No opinion,Amazon HQ2- No opinion,Amazon HQ2- No opinion,1,,,,,2018-01-19 05:57:19+00:00,0,1,1,0,,8.93E+17
DrDave_99,,2068,91145,"Psychologist (VCU Co. Psyc PhD). Fan of aviation, animals, WFT football, military, history, politics, comedy & more. USNTPS Class 99 FTE grad. üè≥Ô∏è‚Äçüåà Ally. #BLM",Knowledge Workers,General Public,Knowledge Workers,0,Personal,Personal,Personal,1,@camilareads I'm trying to figure if/how it might relate to National Harbor. That was new too. #AmazonHQ2,Amazon HQ2- No opinion,Amazon HQ2- No opinion,Amazon HQ2- No opinion,1,,,,,2018-11-13 19:44:40+00:00,0,0,2,0,"Virginia, near DC",540966457
FitzTrubey,,3887,38469,I cover development for The Atlanta Journal-Constitution. @UGAGrady grad. UGA and ATL sports fan. Tips/complaints: strubey@ajc.com. Cheers!,Media,General Public,Media,0,Personal,Personal,Personal,1,Massive downtown Atlanta project aimed at #AmazonHQ2 to have public hearing https://t.co/lQq7hrSuQd,Amazon HQ2- No opinion,Amazon HQ2- No opinion,Amazon HQ2- No opinion,1,,,,,2018-01-24 11:05:00+00:00,2,0,0,1,"Atlanta, Ga.",111352607
jenbmiller,,1119,4226,"Managing Editor, @BCBSMA; formerly @bostonherald. Passionate about health care, journalism and our odd and beautiful world. Mom. Wife. She/her/hers üåà",Media,Media,Media,1,Personal,Personal,Personal,1,"Dossiers on top @amazon execs, attention to @JeffBezos hatred for #Powerpoint and love of fitness, and a bid code-named for Amazon employee's dog: @jordanmgraham reviewed 1000s of pages of Mass. officials' emails in frenzied weeks before #AmazonHQ2 bid https://t.co/BO1ivSPCpB",Amazon HQ2- No opinion,Amazon HQ2- No opinion,Amazon HQ2- No opinion,1,,,,,2017-12-28 14:43:36+00:00,1,0,2,0,Boston,69614290
MarkKassMBJ,,5362,39057,Editor of @MKEBizJournal an award-winning weekly business newspaper and website.,Media,Media,Media,1,Personal,Personal,Personal,1,"See what @TheMilwaukee7, @MayorOfMKE is up against when it comes to bidding for #AmazonHQ2. Highest bid is $7B. https://t.co/0E40APJrqP",Amazon HQ2- No opinion,Amazon HQ2- No opinion,Amazon HQ2- No opinion,1,,,,,2017-10-19 20:28:04+00:00,0,0,2,0,Milwaukee,26299951
courtenaybird,,7653,14962,"tech, marketing, books, dogs. From ATL to SF to NYC + M.S. Digital Media @GeorgiaTech",General Public,General Public,Other Relevant Actors,1,Personal,Personal,Personal,1,"Great debate last night on the lessons learned from #AmazonHQ2. Opinions and POVs varied greatly, even amongst 'allies.' Worth watching! @CivicHall #HQ2Forum https://t.co/i9ca9qjbMT",Amazon HQ2- No opinion,Amazon HQ2- No opinion,Amazon HQ2- No opinion,1,,,,,2019-04-18 21:51:00+00:00,2,1,2,0,"New York, NY",11210802
YIMBY_Princeton,,4382,82999,Yes In My Backyard. Urbanism. Place. Transit. Bikes. Jersey.,General Public,General Public,Other Relevant Actors,1,Personal,Personal,Personal,1,Does anyone have any clue about when the #AmazonHQ2 'winner' will be announced? Surely somebody #OnHere has a little insider info?,Amazon HQ2- No opinion,Amazon HQ2- No opinion,Amazon HQ2- No opinion,1,,,,,2018-04-04 13:50:21+00:00,0,0,1,0,"Princeton, NJ",7.93E+17
ChiefSherpa,,828,1864,"Part-time Austinite, part-time Ashevillian, and full-time arts lover, outdoor enthusiast, and economic development strategist.",Other Relevant Actors,Other Relevant Actors,Other Relevant Actors,1,Personal,Personal,Personal,1,Been keeping up with the #AmazonHQ2 hype? Here's a handy overview from @BrookingsInst about what you need to know https://t.co/DgW1MJqfM5,Amazon HQ2- No opinion,Amazon HQ2- No opinion,Amazon HQ2- No opinion,1,,,,,2017-10-19 20:57:36+00:00,0,0,0,0,"Austin, Texas",335076060
chipgoines,,5047,192396,"Turned out voters for @AyannaPressley's historic 2018 campaign. Progressive movement builder. @gbhnews contributor. Cat lady. Priors: @washingtonpost, @reuters.",Politicians/Government Accounts,Other Relevant Actors,Media,0,Personal,Personal,Personal,1,.@marty_walsh (@MartyForBoston) won't debate @titojackson &amp; he won't discuss his #AmazonHQ2 bid. Does he want 2 b Mayor or CIA dir? #bospoli https://t.co/teCcYkDSGL,Not about Amazon HQ2,Amazon HQ2- No opinion,Amazon HQ2- No opinion,0,,,,,2017-09-19 19:49:27+00:00,7,1,13,5,,36589823
FIBERTOWN,,1914,18915,"#Colocation #DataCenter #DisasterRecovery Campus in #Houston & Bryan College Station | Carrier Neutral, #SSAE18, 100% uptime SLA, 2N redundancy | #BCSTX",Business Account,Knowledge Workers,Business Account,0,Institutional,Institutional,Institutional,1,"Approximately 25,000 jobs to be spread in at least 17 cities after #Amazon cancels plans for #HQ2 in #NYC. #AmazonHQ2 @MyABJ
https://t.co/xM4tAUQjUa",Amazon HQ2- No opinion,Amazon HQ2- No opinion,Amazon HQ2- No opinion,1,,,,,2019-02-20 13:58:36+00:00,0,0,0,0,Houston - Bryan,10226712
JRodzMIA,,1341,13071,Senior Assignment Editor @Telemundo51 ... RTs are not endorsements,Media,Media,Media,1,Personal,Personal,Personal,1,"#Amazon hiring 1,000 at new #OpaLocka fulfillment center as #MiamiDade tries it hardest to land future #AmazonHQ2 @GuillermoGT51 @Telemundo51 https://t.co/YWba6lTQr8",Amazon HQ2- No opinion,Amazon HQ2- No opinion,Amazon HQ2- No opinion,1,,,,,2018-08-30 21:42:05+00:00,0,0,0,0,MIAFL,1353222852
coolhand_luke88,,911,25686,"NYS Politics Digital News Producer for Spectrum News 1 Upstate & @CapitalTonight ‚Ä¢ Award-winning Writer/Columnist ‚Ä¢ Past @CNYCentral, @poststar, @sunyoswego",Media,Media,Media,1,Institutional,Personal,Personal,0,"Amazon Should Consider New York for HQ2, but Process Lacks Transparency https://t.co/0dnMgBg5gv #Amazon #AmazonHQ2 #BlackFriday #UpstateNY #business #retail https://t.co/n36n82XKdT",Amazon HQ2- with opinion,Amazon HQ2- with opinion,Amazon HQ2- with opinion,1,Balanced,Balanced,Balanced,1,2017-11-29 21:01:29+00:00,0,0,0,0,"Syracuse, NY",928452764
JulesAWarren,,1530,17675,Deputy Director @RightOnCrime. Alum of USDOJ & WV Atty General‚Äôs Office. Mom of Crosby Bo Dale. Dogs are life! I ‚ù§Ô∏èTennessee! Tweets are mine.,General Public,General Public,Other Relevant Actors,1,Personal,Personal,Personal,1,Same. Look I don‚Äôt know if Bezos is shady. What I do know is that I don‚Äôt have to leave my house to get toilet paper. #WelcomeToNashvilleAmazon #AmazonHQ2 (or whatever it is we‚Äôre getting) https://t.co/aMdftCEqTE,Amazon HQ2- with opinion,Amazon HQ2- with opinion,Amazon HQ2- with opinion,1,Supportive,Balanced,Balanced,0,2018-11-13 19:12:31+00:00,0,1,3,0,"Nashville, TN",35217371
stratandbiz,,147465,43499,Follow for the ideas that raise the game for decision makers around the world. Get our newsletter: https://t.co/aPCIEfbVEm,Media,Media,Other Relevant Actors,1,Institutional,Institutional,Institutional,1,"Olympic-bid style excitement surrounds the #AmazonHQ2 decision, but raises a larger jobs question. https://t.co/L2zEitotvL",Amazon HQ2- with opinion,Amazon HQ2- with opinion,Amazon HQ2- with opinion,1,Unclear,Balanced,Balanced,0,2018-04-04 11:25:04+00:00,1,0,2,0,New York City,365495044
Franfrisella,,42,1007,Licensed Realtor at Coldwell Banker Residential Brokerage,Other Relevant Actors,Other Relevant Actors,Other Relevant Actors,1,Personal,Personal,Personal,1,Boston will really need to pick up the slack if they hope to land #AmazonHQ2 https://t.co/NEIdL2rjTk,Amazon HQ2- with opinion,Amazon HQ2- with opinion,Amazon HQ2- with opinion,1,Supportive,Balanced,Supportive,0,2017-11-16 17:09:03+00:00,0,0,0,0,"Lynnfield, MA",4174598962
CVESDNews,,3161,5119,Keep updated about the latest news and information from across the Chula Vista Elem School District.,Media,Media,Media,1,Institutional,Institutional,Institutional,1,"Why Chula Vista? Our schools. Our people. #WorkforceReady community w/ #GreatPublicSchools. We‚Äôd make a great team, @amazon, for #AmazonHQ2. https://t.co/78Tnry1ozo",Amazon HQ2- with opinion,Amazon HQ2- with opinion,Amazon HQ2- with opinion,1,Supportive,Supportive,Supportive,1,2017-11-02 20:11:05+00:00,4,0,11,0,"Chula Vista, Calif.",494474860
TRACEtexas,,70,713,"TRACE is a master-planned community in San Marcos, Texas with homes from the $200s by Pacesetter Homes, Buffington Homes, & Waterloo by Brohn Homes. #SMTX",Politicians/Government Accounts,Business Account,Other Relevant Actors,0,Institutional,Institutional,Institutional,1,How San Marcos Would Benefit from an Austin Amazon Headquarters #SMTX #SanMarcosTX #Amazon #AmazonHQ2 #AustinTX #TRACEtexas: https://t.co/fctHKufL2k https://t.co/I3YxtvL4qI,Amazon HQ2- with opinion,Amazon HQ2- with opinion,Amazon HQ2- with opinion,1,Supportive,Supportive,Supportive,1,2018-03-22 16:35:32+00:00,0,0,0,0,"San Marcos, TX",7.95E+17
GHPartnership,,21297,10497,"Greater Houston Partnership's mission is to make the Houston region the best place to live, work and build a business.",Politicians/Government Accounts,Other Relevant Actors,Politicians/Government Accounts,0,Institutional,Institutional,Institutional,1,"Shortly after Hurricane Harvey, Amazon called. We put together a tremendous proposal for #AmazonHQ2. We now have a competitive blueprint that highlights Houston‚Äôs strengths: diversity, spirit,  low-cost of living &amp; a vibrant innovation corridor - Shellebarger at #AnnualMeeting",Amazon HQ2- with opinion,Amazon HQ2- with opinion,Amazon HQ2- with opinion,1,Supportive,Supportive,Supportive,1,2018-01-19 18:46:28+00:00,1,0,0,0,"Houston, Texas",41659956
IndyChamber,,25855,17751,"We empower business to ensure all have the opportunity to succeed in the #IndyRegion. Umbrella organization to @indypartnership, @developindy, and @BOI_Indpls.",Politicians/Government Accounts,Other Relevant Actors,Politicians/Government Accounts,0,Institutional,Institutional,Institutional,1,"The reason we are in top #amazonhq2 is because of the work we have done to make our ecosystem a viable, collaborative place. #IndyStateOfTheRegion @amy_liuw",Amazon HQ2- with opinion,Amazon HQ2- with opinion,Amazon HQ2- with opinion,1,Supportive,Supportive,Supportive,1,2018-04-26 00:43:53+00:00,2,0,5,0,"Indianapolis, IN",23944163
yesnewark,,372,408,Tech. Talent. Infrastructure. Transit. Location. Diversity. Newark has it all. Move here. Grow here. Excel here. #AmazonNewark #AMZNWK #YesNEWARK,Politicians/Government Accounts,Other Relevant Actors,Politicians/Government Accounts,0,Institutional,Institutional,Institutional,1,".@rasjbaraka: #Newark has the infrastructure, transit and talent necessary for #AmazonHQ2 #YesNewark https://t.co/bcXUjdfIvv",Amazon HQ2- with opinion,Amazon HQ2- with opinion,Amazon HQ2- with opinion,1,Supportive,Supportive,Supportive,1,2017-11-06 13:18:05+00:00,12,0,2,0,"New Jersey, USA",9.20E+17
1031trx,,35,108,1031 exchange | qualified intermediary tim@1031trx.com,General Public,General Public,General Public,1,Personal,Personal,Personal,1,"I‚Äôd like to see Columbus selected, as an Ohio native. 

#amazonHQ2 https://t.co/xTCMiQdO7I",Amazon HQ2- with opinion,Amazon HQ2- with opinion,Amazon HQ2- with opinion,1,Supportive,Supportive,Supportive,1,2018-01-18 15:55:43+00:00,0,0,0,0,"New York, NY",4380731777
108_Victoria_St,,1028,17347,West Philadelphian,General Public,General Public,General Public,1,Personal,Personal,Personal,1,@amazon philly is amazing already and it's a city with tremendous momentum. Your potential here is unlimited. #amazonHQ2,Amazon HQ2- with opinion,Amazon HQ2- with opinion,Amazon HQ2- with opinion,1,Supportive,Supportive,Supportive,1,2017-09-07 16:15:34+00:00,0,0,1,0,Philadelphia,1118512376
clockett8995,,245,807,"‚ô•Ô∏è for family, travel, outdoors, working out, & green living | Fat kid @ ‚ô•Ô∏è | wine connoisseur | Lefty | Social Media Enthusiast & Coach @Khoros",General Public,General Public,General Public,1,Personal,Personal,Personal,1,"Come to good 'ole ATX, @amazon! Amazon narrows the list of metro areas for its new headquarters to 20 https://t.co/ZkEx4zmAF7 #AmazonHQ2",Amazon HQ2- with opinion,Amazon HQ2- with opinion,Amazon HQ2- with opinion,1,Supportive,Supportive,Supportive,1,2018-01-18 16:16:49+00:00,0,1,1,0,"Austin, TX",7.60E+17
MarvKirsch,,95,3653,"Center Left, looking for a candidate. Will not tolerate extreme left or right",General Public,General Public,General Public,1,Personal,Personal,Personal,1,Local politicians and vocal activists have killed the LIC #AmazonHQ2 project. Many benefits will now NOT come to NY. Is this #CutOffNoseToSpiteFace,Amazon HQ2- with opinion,Amazon HQ2- with opinion,Amazon HQ2- with opinion,1,Supportive,Supportive,Supportive,1,2019-02-14 17:46:23+00:00,0,0,1,0,Long Island,16355808
Michael__Page,*This was tough- had to look at comment and ,561,4358,Husband and dad powered by coffee. Alum @UofT &  @iveybusiness Opinions are my own.,General Public,General Public,General Public,1,Personal,Personal,Personal,1,@BonnieCrombie @insauga Let's do this! #MississaugaPrime #905 #AmazonHQ2 #mississauga https://t.co/1FfUTynyVz,Amazon HQ2- with opinion,Amazon HQ2- with opinion,Amazon HQ2- with opinion,1,Supportive,Supportive,Supportive,1,2017-09-07 18:52:28+00:00,1,0,1,0,Toronto,27094039
troisgymnopedie,,230,12978,Earth-ending Asteroid 2020,General Public,General Public,General Public,1,Personal,Personal,Personal,1,"Hey, @JeffBezos , pick Miami!! #VelshiRuhle #AmazonHQ2",Amazon HQ2- with opinion,Amazon HQ2- with opinion,Amazon HQ2- with opinion,1,Supportive,Supportive,Supportive,1,2018-01-18 17:01:33+00:00,0,0,0,0,Earth,59593971
SEOMalkamDior,,799,7673,Wall Street Bets Developer (2021) : Retail Investor - Redditor. Follow My Stonk Tweets,Other Relevant Actors,Other Relevant Actors,General Public,1,Personal,Personal,Personal,1,"WHY AMAZON PULLED OUT OF HQ2 IN QUEENS? Because of ANNOYING NEW YORKERS - Read the full article üì≤(https://t.co/mBFCWIJKl3)
.
.
That‚Äôs 25,000 jobs lost. Nice job everyone who was against this. #AmazonHQ2 #Amazon #amazondeals #amazonfwt #shopify #ecommerce #onlinebusiness https://t.co/fkBRkJ2hY1",Amazon HQ2- with opinion,Amazon HQ2- with opinion,Amazon HQ2- with opinion,1,Supportive,Supportive,Supportive,1,2019-02-14 22:08:07+00:00,2,0,4,0,"New York, NY",9.74E+17
CarolineBNews,,2654,11958,"Former college athlete turned Spectrum News 1 Morning Anchor. News is my passion, Baby #PrescottBlair is my purpose. And yes, I'm taller than I look on TV!",Media,Media,Media,1,Personal,Personal,Personal,1,#BreakingNews --- This is #HUGE news for the #Raleigh &amp; #Durham areas!!!  Wow!  #Amazon #AmazonHQ2 https://t.co/jQBOKN4QXs,Amazon HQ2- with opinion,Amazon HQ2- with opinion,Amazon HQ2- with opinion,1,Supportive,Supportive,Supportive,1,2018-01-18 14:28:49+00:00,2,0,4,0,Raleigh,255049031
DEVCONB,,1807,4259,"President of New Brunswick Development Corporation.
RT does not equal endorsements.",Other Relevant Actors,Other Relevant Actors,Politicians/Government Accounts,1,Personal,Personal,Personal,1,AmazonHQ2 proposal nearly done. Great work by our team We see thousands of happy Amazonians in our future #AmazonHQ2 https://t.co/MicZNP7DPz,Amazon HQ2- with opinion,Amazon HQ2- with opinion,Amazon HQ2- with opinion,1,Supportive,Supportive,Supportive,1,2017-10-13 20:30:12+00:00,7,4,26,2,,187498685
lstephenjoycejr,,1546,5789,"Midwest Bloomberg reporter @BBGIndustry
 
Tweets are not endorsements, opinions are my own. 
@kahn_wolf fan
Tips?  hmu  sjoyce@bloomberglaw.com",Media,Media,Media,1,Personal,Personal,Personal,1,"@ChicagolandCmbr President
and CEO Lavin:  ""As the voice of our region‚Äôs business community, we stand ready to dig deeper and show Amazon that #Chicago is the greatest city to live and work.""

#AmazonHQ2",Amazon HQ2- with opinion,Amazon HQ2- with opinion,Amazon HQ2- with opinion,1,Supportive,Supportive,Supportive,1,2018-01-18 21:21:31+00:00,2,0,4,0,"Chicago, IL  USA",54075807
skis416,,2960,266569,"Catholic - I ‚ù§ my 4 sons &üêï
NYC born/raised NYPD/NYS LE family #BackTheBlue                                            Think Snow‚õ∑
MerryChristmasüéÖüèªüéÑ",General Public,General Public,General Public,1,Personal,Personal,Personal,1,"@NMalliotakis @AOC That's what she wants...govt jobs for all-NOT private sector

Socialists' mentality

How many bartenders-retailers-restauranteurs etc looked forward to this move Sandy?

25k+ employees paying TAXES to NY spending their money HERE

Bravo @NYGovCuomo
@NYCMayor @AOC

#AmazonHQ2",Amazon HQ2- with opinion,Amazon HQ2- with opinion,Amazon HQ2- with opinion,1,Supportive,Supportive,Supportive,1,2019-02-15 14:08:43+00:00,0,0,0,0,üá∫üá∏üçéüá∫üá≤,480741630
JFrusci,,3017,162218,Adj Asst Prof @CUNY. Words @MHEducation @saberscroll @siadvance. Creator of The Average Joe edu & info platform. Vet @USarmy #Twitterstorians #infosec #techgeek,Knowledge Workers,Knowledge Workers,Knowledge Workers,1,Personal,Personal,Personal,1,"I support @AOC and her position on key issues, but I agree with @SteveRattner and @andrewrsorkin on the economic data and implications of the decision on pushing out the #AmazonHQ2 https://t.co/sxIgntS7bw",Amazon HQ2- with opinion,Amazon HQ2- with opinion,Amazon HQ2- with opinion,1,Unclear,Supportive,Supportive,0,2019-02-15 19:18:51+00:00,1,0,2,0,"New York, NY",309238549
griffbos,,2814,168725,"I retweet various tweets because I feel they are worth seeing/reading/hearing Proudly raised in New Hampshire,  registered as undeclared voter üá∫üá∏  üáÆüá™",General Public,General Public,General Public,1,Personal,Personal,Personal,1,@NHGOP @NHDems @GovChrisSununu Translation @NHGOP ashamed @GovChrissununu had to be shamed by @NHDems into going for #AmazonHQ2  #nhpolitics  btw NH needs Ma for rail line,Amazon HQ2- No opinion,Amazon HQ2- with opinion,Amazon HQ2- with opinion,0,,Supportive,Supportive,0,2017-10-18 22:27:10+00:00,1,1,2,0,"Boston, MA",106331667
aquaglass,,1235,18797,All tyranny needs to gain a foothold is for citizens of good conscience to remain silent . Thomas Jefferson.  Freedom! Constitution! #TCOT   We The People...,General Public,General Public,General Public,1,Personal,Institutional,Personal,0,#AOC strikes again! üòÅ #Amazon #AmazonHQ2,Amazon HQ2- with opinion,Amazon HQ2- with opinion,Amazon HQ2- with opinion,1,Supportive,Unclear,Supportive,0,2019-02-14 18:09:11+00:00,0,0,0,0,New York,48050455
BlackSabbath22,#Do we want to treat an attack on those against the Amazon HQ2 deal differently than a positive for it?,66,21326,Straight White Male  Letsgo/Brandon,General Public,General Public,General Public,1,Personal,Personal,Personal,1,@Alyssa_Milano What do we want? NO JOBS! When do we want them? NEVER! #AmazonHQ2 https://t.co/0xJj8F61Zd,Amazon HQ2- with opinion,Amazon HQ2- with opinion,Amazon HQ2- with opinion,1,Supportive,Unsupportive,Supportive,0,2019-02-18 05:57:15+00:00,0,0,0,0,"Los Angeles, CA",574174660
JamesGedris,,47,100,,General Public,General Public,General Public,1,Personal,Personal,Personal,1,"Just think, people voted in a person who doesn‚Äôt understand how a #taxcredit works to be their representative in #Congress @AOC thinks when we offer #Amazon 3billion that it‚Äôs actual money that we have! #AmazonHQ2 #aocislunacy #LiberalLogic #HappyValentinesDay2019 #Socialism #aoc",Amazon HQ2- with opinion,Amazon HQ2- with opinion,Amazon HQ2- with opinion,1,Supportive,Unsupportive,Supportive,0,2019-02-15 01:56:13+00:00,0,0,1,0,,8.67E+17
ULIWashington,,2476,6726,"CONNECT | INSPIRE | LEAD
Pursue unrelenting efforts to shape the built environment toward diverse, equitable, inclusive communities.",Other Relevant Actors,Knowledge Workers,Other Relevant Actors,0,Institutional,Institutional,Institutional,1,"Wherever #AmazonHQ2 winds up, housing prices could go up. What the impact could be on renters and homeowners is an important question that needs to be explored.",Amazon HQ2- with opinion,Amazon HQ2- with opinion,Amazon HQ2- with opinion,1,Unclear,Balanced,Unclear,0,2018-11-08 13:47:00+00:00,1,1,2,0,"Washington, DC",462107502
Mrs_Cldh,,2373,65253,Do not follow if U do not believe in my post. I give side eye.üòí #BlueWave #Resist #TakeAKnee #BLM #dogecoin #doge,General Public,General Public,General Public,1,Personal,Personal,Personal,1,"Amazon National Landing Bezo, since Trump can't bring the coal miners jobs to Virginia, I will. 

At least the employees will have clean clothes and  clean lungs.

#JeffBezo #Bezo #AmazonHQ2 
#Amazon",Amazon HQ2- with opinion,Amazon HQ2- with opinion,Amazon HQ2- with opinion,1,Unclear,Supportive,Unclear,0,2018-11-13 18:13:47+00:00,0,0,0,0,NO LIST,48347194
tiziana_dearing,,3047,7228,"Host, @RadioBoston @WBUR.  Former professor, nonprofit executive.  Love my community and my region.  RTs are not endorsements. Opinions are my own.",Media,Media,Media,1,Personal,Personal,Personal,1,"1/ Rome chose Constantinople ""for strategic reasons, not because Athens &amp; Smyrna had failed to cough up enough relocation grants"" #AmazonHQ2",Amazon HQ2- with opinion,Amazon HQ2- with opinion,Amazon HQ2- with opinion,1,Unsupportive,Unsupportive,Unclear,1,2017-09-14 16:56:43+00:00,0,0,1,0,"Boston, MA",17025706
LadyFilmFatale,,885,32581,"""The only way to deal with an unfree world is to become so absolutely free that your very existence is an act of rebellion."" - A. Camus",General Public,General Public,General Public,1,Personal,Personal,Personal,1,@ItsNotRevenge A letter to my representatives about #AmazonHQ2. https://t.co/E91Lq0AHay,Amazon HQ2- with opinion,Amazon HQ2- with opinion,Amazon HQ2- No opinion,1,,Unsupportive,Unclear,0,2019-03-01 21:19:26+00:00,1,0,2,0,Para8Dice@AOL.com,24106352
Mayor_1Percent,"*Parody account, how to handle",598,2326,"The economic royalists are fucking unanimous in their support for me, and I welcome their fucking support.
#Rahm2020
PARODY",General Public,General Public,General Public,1,Personal,Personal,Personal,1,$600M diverted into TIF funds is fucking unacceptable. I'm going to need at least four times that much to grease The Beeze and secure #AmazonHQ2.,Amazon HQ2- with opinion,Amazon HQ2- with opinion,Amazon HQ2- with opinion,1,Unsupportive,Balanced,Unsupportive,0,2018-07-25 17:36:38+00:00,1,0,3,0,Chicago Bunker,2800464699
spinzo,,922,70972,Brother of the Angle. Former U.S. Navy Intel. Bitter karaoke loser. Failure poet. O Sancta Simplicitas!,General Public,General Public,General Public,1,Personal,Personal,Personal,1,"When Amazon gets around to announcing the ""winning"" city, the only winners will be Amazon and a handful of pols and cronies. The losers will be the citizens of said city and the free market.

#HQ2
#AmazonHQ2",Amazon HQ2- with opinion,Amazon HQ2- with opinion,Amazon HQ2- with opinion,1,Unsupportive,Balanced,Unsupportive,0,2018-01-18 15:04:57+00:00,0,0,0,0,New England,19772792
ChrisL4mbert,,554,4577,REALTOR¬Æ w/ @Macdonald_Rlty Downtown Vancouver #RealProud | @BCIT Business alum | #WhitecapsFC supporter w/ @RainCityBrigade,Other Relevant Actors,Other Relevant Actors,Other Relevant Actors,1,Personal,Personal,Personal,1,Good article re: #AmazonHQ2 in #Vancouver - What Urban Anchors Like #Amazon &amp; #Google Owe Their Cities https://t.co/94LMKDb2js via @CityLab https://t.co/4bioQMfxgN,Amazon HQ2- with opinion,Amazon HQ2- with opinion,Amazon HQ2- with opinion,1,Unclear,Supportive,Unsupportive,0,2017-09-22 03:15:03+00:00,2,0,1,0,Vancouver,4440771988
electroverge,,313,1737,Electroverge is a transformational distribution partner bridging the gap between leading edge electronic component suppliers and the electronics ecosystem.,Business Account,Business Account,Business Account,1,Institutional,Institutional,Institutional,1,Viewpoint: Why #AmazonHQ2 is a bad idea for Boston https://t.co/Wp88EttEnN,Amazon HQ2- with opinion,Amazon HQ2- with opinion,Amazon HQ2- with opinion,1,Unsupportive,Unsupportive,Unsupportive,1,2018-01-25 00:35:03+00:00,0,0,0,0,"Boston, MA",9.26E+17
CWWatchUK,,221,154,"Investigating public support for private business and offering searchable databases of #corporatewelfare recipients, funding schemes and #lobbying.",Other Relevant Actors,Other Relevant Actors,Other Relevant Actors,1,Institutional,Institutional,Institutional,1,"What do you give the richest man in the world? If you're the state of Maryland, you give him $8.5bn. #corporatewelfare #amazon #amazonhq2 https://t.co/kyUDH4sQ3H",Amazon HQ2- with opinion,Amazon HQ2- with opinion,Amazon HQ2- with opinion,1,Unsupportive,Unsupportive,Unsupportive,1,2018-04-17 16:37:02+00:00,14,0,11,4,"York, England",8.62E+17
barmyFP,,270,12211,Very clever with maracas.,General Public,General Public,General Public,1,Personal,Personal,Personal,1,"Which is why New York told them to piss up a rope.

This isn't complicated. #AmazonHQ2 https://t.co/lve5d85zZH",Amazon HQ2- with opinion,Amazon HQ2- with opinion,Amazon HQ2- with opinion,1,Unsupportive,Unsupportive,Unsupportive,1,2019-03-06 18:17:09+00:00,0,0,0,0,"Allston - Brighton, Boston",12324562
helicoptershots,,281,9397,I work and partner with üöÄcompanies in üìªüéÆüèóÔ∏è. Make friends in üèÄ‚öæüèè. Make Have ü•ë in one hand & ü´ñ in other.,General Public,General Public,General Public,1,Personal,Personal,Personal,1,"Each year, local governments spend nearly $100 billion to move headquarters and factories between states. It‚Äôs a wasteful exercise that requires a national solution.

Super Insightful By | @DKThomp of @TheAtlantic) https://t.co/5QrfDzucIZ

#AmazonHQ2",Amazon HQ2- with opinion,Amazon HQ2- with opinion,Amazon HQ2- with opinion,1,Unsupportive,Unsupportive,Unsupportive,1,2018-11-13 12:38:00+00:00,0,1,2,0,üá∫üá≤In the Mountains ,18295118
peachesforjesus,,18,636,,General Public,General Public,General Public,1,Personal,Personal,Personal,1,"@amazon don't move AmazonHQ2 to Austin, we're full",Amazon HQ2- with opinion,Amazon HQ2- with opinion,Amazon HQ2- with opinion,1,Unsupportive,Unsupportive,Unsupportive,1,2018-02-06 02:23:04+00:00,0,0,0,0,,151290298
SlimJim2123,,1416,403474,,General Public,General Public,General Public,1,Personal,Personal,Personal,1,@fox5dc #AmazonHQ2 ceo gets to be even richer while the tax payer fits the bill; how wonderful.  People wonder why the rich get richer and the poor stay poor.,Amazon HQ2- with opinion,Amazon HQ2- with opinion,Amazon HQ2- with opinion,1,Unsupportive,Unsupportive,Unsupportive,1,2018-11-13 17:50:44+00:00,0,0,0,0,,3389604502
yuval_id,,539,3013,"oversharing and underachieving | software engineer, feminism, rants, pop culture. she/her.",General Public,General Public,General Public,1,Personal,Personal,Personal,1,"Amazon making poorer cities pander to them and essentially beg them to come there only to choose NYC, a place that absolutely doesn‚Äôt need/want them, is one of the cruelest and most disgusting ways to go about gentrifying another community.
#AmazonHQ2 @amazon",Amazon HQ2- with opinion,Amazon HQ2- with opinion,Amazon HQ2- with opinion,1,Unsupportive,Unsupportive,Unsupportive,1,2018-11-15 16:15:52+00:00,0,0,0,0,"New York, NY",2732299034
StrayAdult,,232,16425,Sean | He/They | @UnsungOctopiPod host | Hockey | Rollerblading | #LGRW | Dog Dad |,General Public,General Public,Media,1,Personal,Personal,Personal,1,"Despite studies, reports, numerous economic development discussions, #AmazonHQ2 picks the 'safe' cities in the country to move to. Either way, entire massive cities bowing &amp; kissing the feet of Bezos is shameful. Serve your residents, not some capitalist shill. #ThursdayThoughts",Amazon HQ2- with opinion,Amazon HQ2- with opinion,Amazon HQ2- with opinion,1,Unsupportive,Unsupportive,Unsupportive,1,2018-01-18 20:27:58+00:00,0,1,0,0,Michigan,2612776994
papershadow,,1230,14133,"Word nerd + sci-fi geeküññüèΩ ‚Ä¢ Director, Media Relations and Issues Management @CBCRadioCanada ‚Ä¢ Board Director @AsiaCatalyst ‚Ä¢ Ex-@OpenSociety @HIVlegal",General Public,Media,Media,0,Personal,Personal,Personal,1,"Good &gt; ‚ÄúWe‚Äôre not going to buy Amazon to come here."" // #AmazonHQ2 #topoli #onpoli https://t.co/ijTkfOqK0J",Amazon HQ2- with opinion,Amazon HQ2- with opinion,Amazon HQ2- with opinion,1,Unsupportive,Unsupportive,Unsupportive,1,2017-10-19 02:05:59+00:00,0,0,0,0,"Toronto, Ontario",31332452
FredAJones1,,192,4805,"Founder Director of Jones 2000, Executive Director, Community advocate,  writer, thinker, motivator, husband, father, honorary doctorate of Divinity.",General Public,General Public,Other Relevant Actors,1,Personal,Personal,Personal,1,@FOX4 so #AmazonHQ2 wants to improve it's carbon footprint by 2030üôÑ really? You'd think that a company that pays no taxes could do better then that ü§¨,Amazon HQ2- with opinion,Amazon HQ2- with opinion,Amazon HQ2- with opinion,1,Unsupportive,Unsupportive,Unsupportive,1,2019-02-18 23:22:47+00:00,0,0,0,0,,352874573
SloaneAirey,,2573,8023,DC journo. Words @dclinenews @ARLnowDOTcom @alxnow @WashTimesLocal @SentandEnt. she/her üè≥Ô∏è‚Äçüåà,Media,Media,Media,1,Personal,Personal,Personal,1,"36-yr old resident Crystal City Maha Hilal leads @dcmuslimjustice and told me the #forusnotamazon coalition opposes #AmazonHQ2 in Arl b/c of the ""threat of development, unemployment and shutting down local business, but also the threat of increased deportation and surveillance."" https://t.co/QVVW8eImjI",Amazon HQ2- No opinion,Amazon HQ2- with opinion,Amazon HQ2- with opinion,0,,Unsupportive,Unsupportive,0,2019-03-16 17:15:38+00:00,8,1,11,1,"Washington, DC",7.08E+17
EluvialInc,,37,290,Brokerage . Construction . Consulting,Business Account,Other Relevant Actors,Business Account,0,Institutional,Institutional,Institutional,1,"Did you know that Washington, DC made the list of 20 finalists being considered as the home to #AmazonHQ2? If selected, the DC Metro area can expect to see home prices rise as little as 1.8% or as much as 3.5%! #Amazon #DC #EluvialEnterprise #RealEstate https://t.co/qWiPvZpihB",Amazon HQ2- with opinion,Amazon HQ2- with opinion,Amazon HQ2- No opinion,1,Unclear,Balanced,,0,2018-10-31 20:19:18+00:00,0,0,1,0,"Washington, DC",7.91E+17
SuitesatMadison,,201,417,Creating Community in #DowntownTampa . Shared Office space and conference room rentals in the heart of the City. #legalservices #virtualOffice,Business Account,Other Relevant Actors,Other Relevant Actors,0,Institutional,Institutional,Institutional,1,#AmazonHQ2 https://t.co/Rzde8WTSBa,Amazon HQ2- No opinion,Amazon HQ2- with opinion,Amazon HQ2- No opinion,0,,Balanced,,0,2017-11-15 19:30:54+00:00,0,0,1,0,"Tampa, FL",9.03E+17
jf2good,,423,41106,Drill Baby Drill,General Public,General Public,General Public,1,Personal,Personal,Personal,1,Does #Amazon still want to move to the #AmazonHQ2 to #Atlanta after the #atlantapoweroutage hahaha This isn't the first fiasco the city has had.,Amazon HQ2- No opinion,Amazon HQ2- with opinion,Amazon HQ2- No opinion,0,,Balanced,,0,2017-12-18 14:08:18+00:00,0,0,0,0,Arkansas,53206359
ALLIEDTELECOM,,4360,5029,"Dependable business Internet, phone, and Unified Communications solutions delivered with award-winning support.",Business Account,Business Account,Business Account,1,Institutional,Institutional,Institutional,1,Welcome to the neighborhood @amazon! https://t.co/cbWL4UKhuZ #AmazonHQ2 #CrystalCity https://t.co/kAtBDzSfmU,Amazon HQ2- with opinion,Amazon HQ2- with opinion,Amazon HQ2- No opinion,1,Supportive,Supportive,,1,2018-11-13 17:15:23+00:00,0,0,0,0,"Washington Metro Area, MidAtlantic Region, Northeast Region",33977570
stateofplace,,3865,12606,"AI urban design data & predictive analytics software helping #citymakers create walkable, livable, equitable, sustainable places people CAN access & love.",Other Relevant Actors,Other Relevant Actors,Other Relevant Actors,1,Institutional,Institutional,Institutional,1,Congrats to the 20 final cities! #AmazonHQ2 https://t.co/EBQJ24JK1L,Amazon HQ2- with opinion,Amazon HQ2- with opinion,Amazon HQ2- No opinion,1,Supportive,Supportive,,1,2018-01-18 18:08:08+00:00,0,0,1,0,"Boston, NYC, Shanghai",539198528
adamecooper,,865,3703,"Director Human Resources at Aon, Ice Hockey Player, Video Gamer, Sci-fi and social media addict. Tweets are my views.",General Public,General Public,Other Relevant Actors,1,Personal,Personal,Personal,1,"Toronto made the list!

#amazonHQ2 https://t.co/X0QHJIR4jD",Amazon HQ2- with opinion,Amazon HQ2- with opinion,Amazon HQ2- No opinion,1,Supportive,Supportive,,1,2018-01-18 15:32:30+00:00,0,0,0,0,"Toronto, Ontario",18790165
GracieG6girl,,103,4327,Galatians 6 ll                                                                                           A Place Where Faith & Action Collide #GracieG6Girls,General Public,General Public,General Public,1,Personal,Personal,Personal,1,@Forbes @TerryMcAuliffe I think you did it. Congratulations !!!! You were an excellent governor on Virginia's business front. Thank you!  #AmazonHQ2 #VirginiaAmazonHQ2,Amazon HQ2- with opinion,Amazon HQ2- with opinion,Not about Amazon HQ2,1,Supportive,Supportive,,1,2018-11-13 12:47:22+00:00,0,0,0,0,East Coast,2794377876
AskaNewYorker,,3133,3999,https://t.co/mre7cb5gYD - perspectives and insight from the people of the greatest city in the world. Kennedy Moore Real Estate Agent  718 737 3990,Other Relevant Actors,Other Relevant Actors,Other Relevant Actors,1,Institutional,Personal,Institutional,0,Amazon on the East River https://t.co/XzcNvY8SSt #HappyThanksgiving #AmazonHQ2,Amazon HQ2- with opinion,Amazon HQ2- with opinion,Amazon HQ2- No opinion,1,Unclear,Supportive,,0,2018-11-21 16:33:21+00:00,0,0,0,0,New York City,10441712
OurTownDC,,342,2139,Asking yourself - What ever happened to  . . . ?  Find your FAV DC Metro ‚Äúmover and shaker‚Äù in 4 Seasons of Our Town podcast interview with Andy Ockershausen.,Media,Media,Media,1,Institutional,Institutional,Institutional,1,Host Andy Ockershausen's guest in this new #OurTown podcast interview is @esmith_UA CEO of @UrbanAlliance  Smith leads her org to provide HS Seniors with internship opportunities and experiences they would not otherwise have. #AmazonHQ2 are you listening?  https://t.co/58JC9prCnT,Amazon HQ2- with opinion,Amazon HQ2- with opinion,Not about Amazon HQ2,1,Unclear,Supportive,,0,2019-01-29 20:50:53+00:00,4,0,4,1,"Washington, DC",7.55E+17
GoIveyGroup,,66,4748,"At the Ivey Group, we specialize in all aspects of Real Estate, making Buying, Selling, Renting & Property Management simple for everyone! Contact us today!",Other Relevant Actors,Other Relevant Actors,Other Relevant Actors,1,Institutional,Institutional,Institutional,1,"Watch: New video, website aimed to lure Amazon HQ2, new business to Detroit https://t.co/7tyWo6x9Uu https://t.co/MWPoc80zqO",Amazon HQ2- No opinion,Amazon HQ2- with opinion,Amazon HQ2- No opinion,0,,Supportive,,0,2017-10-19 15:11:06+00:00,0,0,0,0,Metro Detroit,2687901019
fabiantilmant,,2301,51191,"Freelance Innovation Product Manager ~ Currently @VRTsandbox and @Wemanity ~ ex @mpactbe Board ~ TMT+Retail Convergence, Media Disruption & Smart Mobility",General Public,General Public,Business Account,1,Personal,Personal,Personal,1,Wouldn‚Äôt it make sense to have #AmazonHQ2 in Asia?,Amazon HQ2- No opinion,Amazon HQ2- with opinion,Amazon HQ2- No opinion,0,,Supportive,,0,2017-10-19 15:25:40+00:00,0,0,0,0,"Brussels, BE",25490135
nanderoo,,1266,19086,"Interested in Predictive Analytics and Machine Learning. 20+ years experience in software development. Tweets are my own, not my employers.",General Public,Other Relevant Actors,General Public,0,Personal,Personal,Personal,1,Could #Baltimore and #Maryland be in the running? Plenty of space at #SparrowsPoint? #amazonhq2 #amazon #hq2 /cc @LarryHogan @MayorPugh50 https://t.co/L2vvMRw9qs,Amazon HQ2- with opinion,Amazon HQ2- with opinion,Amazon HQ2- No opinion,1,,Supportive,,0,2017-09-07 13:18:50+00:00,1,1,1,0,"Pasadena, MD",39574483
WCAX_Jack,,1313,21530,"Sports Director for @WCAX, formerly WBOY. UVa '13/Cuse '14. One time ""Fan of the Game"" at RFK. Led my 2nd grade baseball league in hit by pitches.",General Public,Media,Media,0,Personal,Personal,Personal,1,"I love how there's 15 individual cities, two in the NYC area...and then THREE finalists in the DC metro. Seems to me like one of those is the favorite.
#AmazonHQ2 https://t.co/P9fZZBXIBW",Amazon HQ2- with opinion,Amazon HQ2- with opinion,Amazon HQ2- No opinion,1,Unclear,Unclear,,1,2018-01-18 19:11:51+00:00,0,0,1,0,"Burlington, VT",403123390
DickYoungsGhost,,2731,319553,"The modern voice of one of the greatest sportswriters, ever. ""Dick Young was exactly what a tabloid sportswriter was supposed to be like"" - Frank Deford.",Media,General Public,General Public,0,Institutional,Personal,Personal,0,@Pdzielinski @Peggynoonannyc @JimmyVanBramer Jimmy Van Two Faces! Fighting for (drag) Queens! #AmazonHQ2,Amazon HQ2- with opinion,Amazon HQ2- with opinion,Not about Amazon HQ2,1,Unclear,Unclear,,1,2019-02-24 16:06:16+00:00,0,0,0,0,My America,417516965
jeremyhobson,,19602,18736,"Host of The Hobcast, lover of adventure, learning, conversation, music, food and nature. Former host at @NPR's @hereandnow and @Marketplace.",Media,Media,Media,1,Personal,Personal,Personal,1,"New #AmazonHQ2 prediction, in descending order: Pittsburgh, Baltimore, Philadelphia, Toronto, Chicago and Boston. https://t.co/HXh7s8FCoQ",Amazon HQ2- No opinion,Amazon HQ2- with opinion,Amazon HQ2- No opinion,0,,,,0,2017-10-27 11:04:12+00:00,2,1,6,1,,198686176
SciConservative,,344,18869,"üá∫üá∏  | Biology Student üî¨ | Classical Liberal üèõÔ∏è | Substantiated counter-arguments are encouraged | Intrigued by Political, Legal, and Moral Philosophy",General Public,General Public,General Public,1,Personal,Personal,Personal,1,"""What's shocking to me is once again she shows how little she understands not just economics but even unemployment.""

.@JoeNBC is absolutely correct. At this point, @AOC's economic illiteracy is incontrovertible. 

#FridayThoughts
#AmazonHQ2
#AOC https://t.co/to9MJKnboE",Amazon HQ2- with opinion,Amazon HQ2- with opinion,Not about Amazon HQ2,1,Supportive,Unsupportive,,0,2019-02-15 14:55:14+00:00,1,0,1,0,"Texas, USA",8.91E+17
graemeknows,,5748,86614,"Events, Experiences, & Content @IBMüêù President, Historian, & Social Media @CampTakodahüïØ @BridgeStateU grad üêª #WeeksEnd Co-Host üìπ Elections Inspector üó≥",General Public,General Public,Knowledge Workers,1,Personal,Personal,Personal,1,"Deep within a secret lair, a meeting falls silent as Bezos speaks up. ""They put YES on the cover. That's all we need to know."" #AmazonHQ2 https://t.co/BOBbsAzY5T",Amazon HQ2- with opinion,Amazon HQ2- with opinion,Amazon HQ2- No opinion,1,Unclear,Unsupportive,,0,2017-10-20 12:54:09+00:00,0,1,0,0,Virgo Supercluster,237413764
mdevitojr,,4687,5238,A Human Being - being a Writer-Teacher-Mediator-Meditator-#Runner-Dad-Husband-#Marine #CreateFlow #Workforce #WeImproveLives @NYCID #LetsRunTogether #CountmeIn,General Public,General Public,General Public,1,Personal,Personal,Personal,1,"So how about all the people who shook the rafters about #AmazonHQ2 come on out and do for #Local3...

It's been 690 day!

Anyone? 

#CountMeIn
#CorporateGreed
#spectrumstrike
#IWantMylocal3 https://t.co/uBHeowSkOM",Amazon HQ2- with opinion,Amazon HQ2- with opinion,Amazon HQ2- No opinion,1,Unsupportive,Unsupportive,,1,2019-02-15 19:35:18+00:00,14,1,16,0,"Staten Island, NY",8.32E+17
NYSenatorRivera,,14654,16279,"Cleaning up the legislature and ensuring that the families of the 33rd Senate District have a voice in Albany. Chair, Senate Health Committee. (he/him)",Politicians/Government Accounts,Politicians/Government Accounts,Politicians/Government Accounts,0,Personal,Personal,Personal,1,My statement on the #AmazonHQ2 deal. https://t.co/IrNaQEluoR,Amazon HQ2- with opinion,Amazon HQ2- with opinion,Amazon HQ2- No opinion,1,Unsupportive,Unsupportive,,1,2018-11-21 19:17:43+00:00,1,1,2,1,"Bronx, NY",148524657
rhayes1121,,94,1356,"Art V Propaganda - Life and times of ME
üòÄwww. https://t.co/zCTKO1MNut
Diversity and Small business from across the Globe",Business Account,General Public,General Public,0,Institutional,Personal,Personal,0,Is starting a business in one of #Amazon 2d HQ short list a good idea? https://t.co/qs2Qma1g2A via @gdnnetwork #SmallBusinessNews #AmazonHQ2 #Entrepreneur,Amazon HQ2- No opinion,Amazon HQ2- with opinion,Amazon HQ2- No opinion,0,,Unsupportive,,0,2018-05-08 17:05:57+00:00,0,0,0,0,"Chicago, IL",547774091
aaruiz07,,256,16557,"Wanderlust‚úàÔ∏è43+||pizza üòã|üëüüëü salt & pepper|Bloomberg Terminal User, EN/ES/BP Graduate. Next stop üìçüåè‚úà",General Public,General Public,General Public,1,Personal,Personal,Personal,1,"Top 3 for #AmazonHQ2 :

1. Austin TX
2. Atlanta GA
3. Rochester NY

Then...
895. San Juan PR https://t.co/GmAIv9d6GU",Amazon HQ2- No opinion,Amazon HQ2- with opinion,Amazon HQ2- No opinion,0,,Unsupportive,,0,2017-10-24 17:59:35+00:00,1,0,1,1,"Rio Grande, P.R.",442667595
JoshDavidson,,882,5379,Writing on the interplay of food & communication.,General Public,General Public,Media,1,Personal,Personal,Personal,1,"Yeah, and DON'T GET ANY IDEAS EITHER, TORONTO. #5billionUSDis6billionCAD. https://t.co/QgQCY5UMVR #AmazonHQ2 https://t.co/AJeG0cwH6C",Amazon HQ2- No opinion,Amazon HQ2- with opinion,Amazon HQ2- No opinion,0,,Unsupportive,,0,2018-01-18 18:25:11+00:00,0,0,1,0,"Giligenteng, Indonesia",57714568
breeganism,,1558,63996,Washed-up French horn child prodigy. She/they/yoooooo! Host of @peakshowpod. The cutest ugly person you know.,General Public,General Public,Media,1,Personal,Personal,Personal,1,"If #AmazonHQ2 comes to Toronto I'm just going to bang on its doors yelling ""GET. BETTER. SVOD. CONTENT. GET. BETTER. SVOD. CONTENT."" until the Starbucks manager comes out of the building and informs me that I'm nowhere near the Amazon building and I should really put pants on.",Amazon HQ2- with opinion,Not about Amazon HQ2,Amazon HQ2- with opinion,0,Unclear,,Unclear,1,2018-01-18 15:34:34+00:00,1,0,1,0,Tobacco country,28624695
bezostown,,546,8512,"Creator of Bezostownbucks paper currency. This account ends July 5, 2021 new Twitter will be: @wildworldnews",Bot,General Public,General Public,0,Bot,Institutional,Personal,0,"We‚Äôve got Trump‚Äôs pee tape ... Amazon workers whizzing in bottles.

We are in a golden age of urine.

#pee #trump #amazon #AmazonHQ2",Not about Amazon HQ2,Not about Amazon HQ2,Amazon (Not HQ2),1,,,Unsupportive,,2019-03-01 16:17:04+00:00,1,0,1,0,"Seattle, WA",8.53E+17
RWwatchMA,,10445,382186,"First they came for the immigrants, and I did not speak out‚Äîbecause I was not an immigrants. Then they came for the judges",General Public,General Public,General Public,1,Personal,Personal,Personal,1,"Red Line riders need a moment of zen.. https://t.co/V6q9VSOo2X #AmazonHQ2 #bospoli

Marty Walsh: ""T is reliable"" https://t.co/E460xFQh9B",Amazon HQ2- No opinion,Not about Amazon HQ2,Amazon HQ2- No opinion,0,,,,0,2017-09-25 16:05:55+00:00,1,1,1,0,Massachusetts,245689692
lash_veira,,1,404,,Bot,Business Account,Bot,2,Bot,Institutional,Personal,2,"#AmazonHQ2
#Entrepreneur #expert #idea What If People Would Actually Pay You For Your Advice? Get Your FREE Copy Of EXPERT SECRETS Now...
https://t.co/dzKWcmLGlb https://t.co/PC3PI0OXhW",Not about Amazon HQ2,Not about Amazon HQ2,Not about Amazon HQ2,1,,,,,2018-01-19 06:39:15+00:00,0,0,0,0,,8.90E+17
notJdeluca333,,10,927,,Bot,General Public,General Public,0,Bot,Personal,Personal,0,https://t.co/lNasP4FQSj #tacomawa #metroparks #tacomaDrone #amazonHQ2 #tacomaLove #DJI #MAVICPRO #UAV #PNW #BNSF #BREAKING #CityOfTacoma,Not about Amazon HQ2,Not about Amazon HQ2,Not about Amazon HQ2,1,,,,,2017-10-20 05:11:12+00:00,0,0,0,0,"Charleston, SC",158814799
digital_trav,,545,53062,A Catholic NDE survivor. Inventor with Biomimetics. Inspired by Faith and Arthur C Clarke. My God Its Full of Stars believer.,General Public,General Public,General Public,1,Personal,Personal,Personal,1,@AmazonHQ2 @nypost @JeffBezos @wapo @HuffPostDetroit @KellyannePolls @POTUS,Not about Amazon HQ2,Not about Amazon HQ2,Not about Amazon HQ2,1,,,,,2017-10-13 00:58:25+00:00,0,0,0,0,USA,2366118049
LindaFromQueens,,320,1365,"Reclaiming my time. I block bigots, MAGAts, morons, and bots. she/her/that bitch",General Public,General Public,General Public,1,Personal,Personal,Personal,1,@Isabellancali1 @nbcsnl @SteveCarell ‚ÄúFour chapter elevens!‚Äù ü§£ #snl #bezos #AmazonHQ2 #nbcsnl,Not about Amazon HQ2,Not about Amazon HQ2,Not about Amazon HQ2,1,,,,,2018-11-18 04:57:18+00:00,0,0,2,0,‚ÄúCoastal Elite‚Äù üóΩ,1416929616
Shopnow3024,,2,54,"We post Latest deals,heavy discount products. In short we help you to shop more.Refer to our product links We promote only quality products.For Indians only.",Bot,Bot,Bot,1,Bot,Bot,Bot,1,"https://t.co/7jLtHPhBbw
Please Help üôè‚ò∫Ô∏èüôè
Buy from the Link Above or Share the Product Info who is interested.
Like‚ù§Ô∏è &amp; Retweet üí´
Lightning Deal
 #Sony Portable #Bluetooth #Speakers 
Mrp ‚Çπ12990
Deal Price ‚Çπ6999
4Ô∏è‚É£6Ô∏è‚É£Percent Off
#AmazonHQ2 #AmazonIndia #Amazon #AmazonPrime https://t.co/7PmWi6DiYd",Not about Amazon HQ2,Not about Amazon HQ2,Not about Amazon HQ2,1,,,,,2018-11-14 03:32:17+00:00,0,0,0,0,,9.49E+17
matissecockerpo,,31456,95881,„Ç§„É´„Ç´„Ç∑„Éß„Éº„Çí„Éú„Ç§„Ç≥„ÉÉ„Éà„Çí„Åó„Çà„ÅÜTreat the voiceless with respect and dignity. Ban cruelty to all species.Â§™Âú∞„Åß„Ç§„É´„Ç´„ÅÆÊÆ∫ÂÆ≥„ÇíÂÅúÊ≠¢„Åó„Åæ„Åô,General Public,,General Public,,Personal,,Personal,,"Urgent Alert &gt; Embassy #CyberActions &gt; #ZimbabweElephants¬†#ZimWildTrade &gt; Send the Mail &gt; #Zimbabwe &amp; #China via .@AnimalDefenders &gt;¬†https://t.co/dlxd9ixjvI
#AmazonHQ2 #OlympicGames2018",Not about Amazon HQ2,,Not about Amazon HQ2,1,,,,,2018-02-12 07:06:18+00:00,0,0,1,0,"Taiji-cho, Wakayama",135420282
,,,,,,,,,,,,,,,,,,,,,,,,,,,,
,,,,,,,,,,,,,,,,,,,,,,,,,,,,
,,,,,,,,,,,,,,,,,,,,,,,,,,,,
,,,,,,,,,,,,,,,,,,,,,,,,,,,,
,,,,,,,,,,,,,,,,,,,,,,,,,,,,
,,,,,,,,,,,,,,,,,,,,,,,,,,,,
,,,,,,,,,,,,,,,,,,,,,,,,,,,,
,,,,,,,,,,,,,,,,,,,,,,,,,,,,
,,,,,,,,,,,,,,,,,,,,,,,,,,,,
,,,,,,,,,,,,,,,,,,,,,,,,,,,,
,,,,,,,,,,,,,,,,,,,,,,,,,,,,
,,,,,,,,,,,,,,,,,,,,,,,,,,,,
,,,,,,,,,,,,,,,,,,,,,,,,,,,,
,,,,,,,,,,,,,,,,,,,,,,,,,,,,
,,,,,,,,,,,,,,,,,,,,,,,,,,,,
,,,,,,,,,,,,,,,,,,,,,,,,,,,,
,,,,,,,,,,,,,,,,,,,,,,,,,,,,
,,,,,,,,,,,,,,,,,,,,,,,,,,,,
,,,,,,,,,,,,,,,,,,,,,,,,,,,,
,,,,,,,,,,,,,,,,,,,,,,,,,,,,
,,,,,,,,,,,,,,,,,,,,,,,,,,,,
,,,,,,,,,,,,,,,,,,,,,,,,,,,,
,,,,,,,,,,,,,,,,,,,,,,,,,,,,
,,,,,,,,,,,,,,,,,,,,,,,,,,,,
,,,,,,,,,,,,,,,,,,,,,,,,,,,,
,,,,,,,,,,,,,,,,,,,,,,,,,,,,
,,,,,,,,,,,,,,,,,,,,,,,,,,,,
,,,,,,,,,,,,,,,,,,,,,,,,,,,,
,,,,,,,,,,,,,,,,,,,,,,,,,,,,
,,,,,,,,,,,,,,,,,,,,,,,,,,,,
,,,,,,,,,,,,,,,,,,,,,,,,,,,,
,,,,,,,,,,,,,,,,,,,,,,,,,,,,
,,,,,,,,,,,,,,,,,,,,,,,,,,,,
,,,,,,,,,,,,,,,,,,,,,,,,,,,,
,,,,,,,,,,,,,,,,,,,,,,,,,,,,
,,,,,,,,,,,,,,,,,,,,,,,,,,,,
,,,,,,,,,,,,,,,,,,,,,,,,,,,,
,,,,,,,,,,,,,,,,,,,,,,,,,,,,
,,,,,,,,,,,,,,,,,,,,,,,,,,,,
,,,,,,,,,,,,,,,,,,,,,,,,,,,,
,,,,,,,,,,,,,,,,,,,,,,,,,,,,
,,,,,,,,,,,,,,,,,,,,,,,,,,,,
,,,,,,,,,,,,,,,,,,,,,,,,,,,,
,,,,,,,,,,,,,,,,,,,,,,,,,,,,
,,,,,,,,,,,,,,,,,,,,,,,,,,,,
,,,,,,,,,,,,,,,,,,,,,,,,,,,,
,,,,,,,,,,,,,,,,,,,,,,,,,,,,
,,,,,,,,,,,,,,,,,,,,,,,,,,,,
,,,,,,,,,,,,,,,,,,,,,,,,,,,,
,,,,,,,,,,,,,,,,,,,,,,,,,,,,
,,,,,,,,,,,,,,,,,,,,,,,,,,,,
,,,,,,,,,,,,,,,,,,,,,,,,,,,,
,,,,,,,,,,,,,,,,,,,,,,,,,,,,
,,,,,,,,,,,,,,,,,,,,,,,,,,,,
,,,,,,,,,,,,,,,,,,,,,,,,,,,,
,,,,,,,,,,,,,,,,,,,,,,,,,,,,
,,,,,,,,,,,,,,,,,,,,,,,,,,,,
,,,,,,,,,,,,,,,,,,,,,,,,,,,,
,,,,,,,,,,,,,,,,,,,,,,,,,,,,
,,,,,,,,,,,,,,,,,,,,,,,,,,,,
,,,,,,,,,,,,,,,,,,,,,,,,,,,,
,,,,,,,,,,,,,,,,,,,,,,,,,,,,
,,,,,,,,,,,,,,,,,,,,,,,,,,,,
,,,,,,,,,,,,,,,,,,,,,,,,,,,,
,,,,,,,,,,,,,,,,,,,,,,,,,,,,
,,,,,,,,,,,,,,,,,,,,,,,,,,,,
,,,,,,,,,,,,,,,,,,,,,,,,,,,,
,,,,,,,,,,,,,,,,,,,,,,,,,,,,
,,,,,,,,,,,,,,,,,,,,,,,,,,,,
,,,,,,,,,,,,,,,,,,,,,,,,,,,,
,,,,,,,,,,,,,,,,,,,,,,,,,,,,
,,,,,,,,,,,,,,,,,,,,,,,,,,,,
,,,,,,,,,,,,,,,,,,,,,,,,,,,,
,,,,,,,,,,,,,,,,,,,,,,,,,,,,
,,,,,,,,,,,,,,,,,,,,,,,,,,,,
,,,,,,,,,,,,,,,,,,,,,,,,,,,,
,,,,,,,,,,,,,,,,,,,,,,,,,,,,
,,,,,,,,,,,,,,,,,,,,,,,,,,,,
,,,,,,,,,,,,,,,,,,,,,,,,,,,,
,,,,,,,,,,,,,,,,,,,,,,,,,,,,
,,,,,,,,,,,,,,,,,,,,,,,,,,,,
,,,,,,,,,,,,,,,,,,,,,,,,,,,,
,,,,,,,,,,,,,,,,,,,,,,,,,,,,
,,,,,,,,,,,,,,,,,,,,,,,,,,,,
,,,,,,,,,,,,,,,,,,,,,,,,,,,,
,,,,,,,,,,,,,,,,,,,,,,,,,,,,
,,,,,,,,,,,,,,,,,,,,,,,,,,,,
,,,,,,,,,,,,,,,,,,,,,,,,,,,,
,,,,,,,,,,,,,,,,,,,,,,,,,,,,
,,,,,,,,,,,,,,,,,,,,,,,,,,,,
,,,,,,,,,,,,,,,,,,,,,,,,,,,,
,,,,,,,,,,,,,,,,,,,,,,,,,,,,
,,,,,,,,,,,,,,,,,,,,,,,,,,,,
,,,,,,,,,,,,,,,,,,,,,,,,,,,,
,,,,,,,,,,,,,,,,,,,,,,,,,,,,
,,,,,,,,,,,,,,,,,,,,,,,,,,,,
,,,,,,,,,,,,,,,,,,,,,,,,,,,,
,,,,,,,,,,,,,,,,,,,,,,,,,,,,
,,,,,,,,,,,,,,,,,,,,,,,,,,,,
,,,,,,,,,,,,,,,,,,,,,,,,,,,,
,,,,,,,,,,,,,,,,,,,,,,,,,,,,
,,,,,,,,,,,,,,,,,,,,,,,,,,,,
,,,,,,,,,,,,,,,,,,,,,,,,,,,,
,,,,,,,,,,,,,,,,,,,,,,,,,,,,
,,,,,,,,,,,,,,,,,,,,,,,,,,,,
,,,,,,,,,,,,,,,,,,,,,,,,,,,,
,,,,,,,,,,,,,,,,,,,,,,,,,,,,
,,,,,,,,,,,,,,,,,,,,,,,,,,,,
,,,,,,,,,,,,,,,,,,,,,,,,,,,,
,,,,,,,,,,,,,,,,,,,,,,,,,,,,
,,,,,,,,,,,,,,,,,,,,,,,,,,,,
,,,,,,,,,,,,,,,,,,,,,,,,,,,,
,,,,,,,,,,,,,,,,,,,,,,,,,,,,
,,,,,,,,,,,,,,,,,,,,,,,,,,,,
,,,,,,,,,,,,,,,,,,,,,,,,,,,,
,,,,,,,,,,,,,,,,,,,,,,,,,,,,
,,,,,,,,,,,,,,,,,,,,,,,,,,,,
,,,,,,,,,,,,,,,,,,,,,,,,,,,,
,,,,,,,,,,,,,,,,,,,,,,,,,,,,
,,,,,,,,,,,,,,,,,,,,,,,,,,,,
,,,,,,,,,,,,,,,,,,,,,,,,,,,,
,,,,,,,,,,,,,,,,,,,,,,,,,,,,
,,,,,,,,,,,,,,,,,,,,,,,,,,,,
,,,,,,,,,,,,,,,,,,,,,,,,,,,,
,,,,,,,,,,,,,,,,,,,,,,,,,,,,
,,,,,,,,,,,,,,,,,,,,,,,,,,,,
,,,,,,,,,,,,,,,,,,,,,,,,,,,,
,,,,,,,,,,,,,,,,,,,,,,,,,,,,
,,,,,,,,,,,,,,,,,,,,,,,,,,,,
,,,,,,,,,,,,,,,,,,,,,,,,,,,,
,,,,,,,,,,,,,,,,,,,,,,,,,,,,
,,,,,,,,,,,,,,,,,,,,,,,,,,,,
,,,,,,,,,,,,,,,,,,,,,,,,,,,,
,,,,,,,,,,,,,,,,,,,,,,,,,,,,
,,,,,,,,,,,,,,,,,,,,,,,,,,,,
,,,,,,,,,,,,,,,,,,,,,,,,,,,,
,,,,,,,,,,,,,,,,,,,,,,,,,,,,
,,,,,,,,,,,,,,,,,,,,,,,,,,,,
,,,,,,,,,,,,,,,,,,,,,,,,,,,,
,,,,,,,,,,,,,,,,,,,,,,,,,,,,
,,,,,,,,,,,,,,,,,,,,,,,,,,,,
,,,,,,,,,,,,,,,,,,,,,,,,,,,,
,,,,,,,,,,,,,,,,,,,,,,,,,,,,
,,,,,,,,,,,,,,,,,,,,,,,,,,,,
,,,,,,,,,,,,,,,,,,,,,,,,,,,,
,,,,,,,,,,,,,,,,,,,,,,,,,,,,
,,,,,,,,,,,,,,,,,,,,,,,,,,,,
,,,,,,,,,,,,,,,,,,,,,,,,,,,,
,,,,,,,,,,,,,,,,,,,,,,,,,,,,
,,,,,,,,,,,,,,,,,,,,,,,,,,,,
,,,,,,,,,,,,,,,,,,,,,,,,,,,,
,,,,,,,,,,,,,,,,,,,,,,,,,,,,
,,,,,,,,,,,,,,,,,,,,,,,,,,,,
,,,,,,,,,,,,,,,,,,,,,,,,,,,,
,,,,,,,,,,,,,,,,,,,,,,,,,,,,
,,,,,,,,,,,,,,,,,,,,,,,,,,,,
,,,,,,,,,,,,,,,,,,,,,,,,,,,,
,,,,,,,,,,,,,,,,,,,,,,,,,,,,
,,,,,,,,,,,,,,,,,,,,,,,,,,,,
,,,,,,,,,,,,,,,,,,,,,,,,,,,,
,,,,,,,,,,,,,,,,,,,,,,,,,,,,
,,,,,,,,,,,,,,,,,,,,,,,,,,,,
,,,,,,,,,,,,,,,,,,,,,,,,,,,,
,,,,,,,,,,,,,,,,,,,,,,,,,,,,
,,,,,,,,,,,,,,,,,,,,,,,,,,,,
,,,,,,,,,,,,,,,,,,,,,,,,,,,,
,,,,,,,,,,,,,,,,,,,,,,,,,,,,
,,,,,,,,,,,,,,,,,,,,,,,,,,,,
,,,,,,,,,,,,,,,,,,,,,,,,,,,,
,,,,,,,,,,,,,,,,,,,,,,,,,,,,
,,,,,,,,,,,,,,,,,,,,,,,,,,,,
,,,,,,,,,,,,,,,,,,,,,,,,,,,,
,,,,,,,,,,,,,,,,,,,,,,,,,,,,
,,,,,,,,,,,,,,,,,,,,,,,,,,,,
,,,,,,,,,,,,,,,,,,,,,,,,,,,,
,,,,,,,,,,,,,,,,,,,,,,,,,,,,
,,,,,,,,,,,,,,,,,,,,,,,,,,,,
,,,,,,,,,,,,,,,,,,,,,,,,,,,,
,,,,,,,,,,,,,,,,,,,,,,,,,,,,
,,,,,,,,,,,,,,,,,,,,,,,,,,,,
,,,,,,,,,,,,,,,,,,,,,,,,,,,,
,,,,,,,,,,,,,,,,,,,,,,,,,,,,
,,,,,,,,,,,,,,,,,,,,,,,,,,,,
,,,,,,,,,,,,,,,,,,,,,,,,,,,,
,,,,,,,,,,,,,,,,,,,,,,,,,,,,
,,,,,,,,,,,,,,,,,,,,,,,,,,,,
,,,,,,,,,,,,,,,,,,,,,,,,,,,,
,,,,,,,,,,,,,,,,,,,,,,,,,,,,
,,,,,,,,,,,,,,,,,,,,,,,,,,,,
,,,,,,,,,,,,,,,,,,,,,,,,,,,,
,,,,,,,,,,,,,,,,,,,,,,,,,,,,
,,,,,,,,,,,,,,,,,,,,,,,,,,,,
,,,,,,,,,,,,,,,,,,,,,,,,,,,,
,,,,,,,,,,,,,,,,,,,,,,,,,,,,
,,,,,,,,,,,,,,,,,,,,,,,,,,,,
,,,,,,,,,,,,,,,,,,,,,,,,,,,,
,,,,,,,,,,,,,,,,,,,,,,,,,,,,
,,,,,,,,,,,,,,,,,,,,,,,,,,,,
,,,,,,,,,,,,,,,,,,,,,,,,,,,,
,,,,,,,,,,,,,,,,,,,,,,,,,,,,
,,,,,,,,,,,,,,,,,,,,,,,,,,,,
,,,,,,,,,,,,,,,,,,,,,,,,,,,,
,,,,,,,,,,,,,,,,,,,,,,,,,,,,
,,,,,,,,,,,,,,,,,,,,,,,,,,,,
,,,,,,,,,,,,,,,,,,,,,,,,,,,,
,,,,,,,,,,,,,,,,,,,,,,,,,,,,
,,,,,,,,,,,,,,,,,,,,,,,,,,,,
,,,,,,,,,,,,,,,,,,,,,,,,,,,,
,,,,,,,,,,,,,,,,,,,,,,,,,,,,
,,,,,,,,,,,,,,,,,,,,,,,,,,,,
,,,,,,,,,,,,,,,,,,,,,,,,,,,,
,,,,,,,,,,,,,,,,,,,,,,,,,,,,
,,,,,,,,,,,,,,,,,,,,,,,,,,,,
,,,,,,,,,,,,,,,,,,,,,,,,,,,,
,,,,,,,,,,,,,,,,,,,,,,,,,,,,
,,,,,,,,,,,,,,,,,,,,,,,,,,,,
,,,,,,,,,,,,,,,,,,,,,,,,,,,,
,,,,,,,,,,,,,,,,,,,,,,,,,,,,
,,,,,,,,,,,,,,,,,,,,,,,,,,,,
,,,,,,,,,,,,,,,,,,,,,,,,,,,,
,,,,,,,,,,,,,,,,,,,,,,,,,,,,
,,,,,,,,,,,,,,,,,,,,,,,,,,,,
,,,,,,,,,,,,,,,,,,,,,,,,,,,,
,,,,,,,,,,,,,,,,,,,,,,,,,,,,
,,,,,,,,,,,,,,,,,,,,,,,,,,,,
,,,,,,,,,,,,,,,,,,,,,,,,,,,,
,,,,,,,,,,,,,,,,,,,,,,,,,,,,
,,,,,,,,,,,,,,,,,,,,,,,,,,,,
,,,,,,,,,,,,,,,,,,,,,,,,,,,,
,,,,,,,,,,,,,,,,,,,,,,,,,,,,
,,,,,,,,,,,,,,,,,,,,,,,,,,,,
,,,,,,,,,,,,,,,,,,,,,,,,,,,,
,,,,,,,,,,,,,,,,,,,,,,,,,,,,
,,,,,,,,,,,,,,,,,,,,,,,,,,,,
,,,,,,,,,,,,,,,,,,,,,,,,,,,,
,,,,,,,,,,,,,,,,,,,,,,,,,,,,
,,,,,,,,,,,,,,,,,,,,,,,,,,,,
,,,,,,,,,,,,,,,,,,,,,,,,,,,,
,,,,,,,,,,,,,,,,,,,,,,,,,,,,
,,,,,,,,,,,,,,,,,,,,,,,,,,,,
,,,,,,,,,,,,,,,,,,,,,,,,,,,,
,,,,,,,,,,,,,,,,,,,,,,,,,,,,
,,,,,,,,,,,,,,,,,,,,,,,,,,,,
,,,,,,,,,,,,,,,,,,,,,,,,,,,,
,,,,,,,,,,,,,,,,,,,,,,,,,,,,
,,,,,,,,,,,,,,,,,,,,,,,,,,,,
,,,,,,,,,,,,,,,,,,,,,,,,,,,,
,,,,,,,,,,,,,,,,,,,,,,,,,,,,
,,,,,,,,,,,,,,,,,,,,,,,,,,,,
,,,,,,,,,,,,,,,,,,,,,,,,,,,,
,,,,,,,,,,,,,,,,,,,,,,,,,,,,
,,,,,,,,,,,,,,,,,,,,,,,,,,,,
,,,,,,,,,,,,,,,,,,,,,,,,,,,,
,,,,,,,,,,,,,,,,,,,,,,,,,,,,
,,,,,,,,,,,,,,,,,,,,,,,,,,,,
,,,,,,,,,,,,,,,,,,,,,,,,,,,,
,,,,,,,,,,,,,,,,,,,,,,,,,,,,
,,,,,,,,,,,,,,,,,,,,,,,,,,,,
,,,,,,,,,,,,,,,,,,,,,,,,,,,,
,,,,,,,,,,,,,,,,,,,,,,,,,,,,
,,,,,,,,,,,,,,,,,,,,,,,,,,,,
,,,,,,,,,,,,,,,,,,,,,,,,,,,,
,,,,,,,,,,,,,,,,,,,,,,,,,,,,
,,,,,,,,,,,,,,,,,,,,,,,,,,,,
,,,,,,,,,,,,,,,,,,,,,,,,,,,,
,,,,,,,,,,,,,,,,,,,,,,,,,,,,
,,,,,,,,,,,,,,,,,,,,,,,,,,,,
,,,,,,,,,,,,,,,,,,,,,,,,,,,,
,,,,,,,,,,,,,,,,,,,,,,,,,,,,
,,,,,,,,,,,,,,,,,,,,,,,,,,,,
,,,,,,,,,,,,,,,,,,,,,,,,,,,,
,,,,,,,,,,,,,,,,,,,,,,,,,,,,
,,,,,,,,,,,,,,,,,,,,,,,,,,,,
,,,,,,,,,,,,,,,,,,,,,,,,,,,,
,,,,,,,,,,,,,,,,,,,,,,,,,,,,
,,,,,,,,,,,,,,,,,,,,,,,,,,,,
,,,,,,,,,,,,,,,,,,,,,,,,,,,,
,,,,,,,,,,,,,,,,,,,,,,,,,,,,
,,,,,,,,,,,,,,,,,,,,,,,,,,,,
,,,,,,,,,,,,,,,,,,,,,,,,,,,,
,,,,,,,,,,,,,,,,,,,,,,,,,,,,
,,,,,,,,,,,,,,,,,,,,,,,,,,,,
,,,,,,,,,,,,,,,,,,,,,,,,,,,,
,,,,,,,,,,,,,,,,,,,,,,,,,,,,
,,,,,,,,,,,,,,,,,,,,,,,,,,,,
,,,,,,,,,,,,,,,,,,,,,,,,,,,,
,,,,,,,,,,,,,,,,,,,,,,,,,,,,
,,,,,,,,,,,,,,,,,,,,,,,,,,,,
,,,,,,,,,,,,,,,,,,,,,,,,,,,,
,,,,,,,,,,,,,,,,,,,,,,,,,,,,
,,,,,,,,,,,,,,,,,,,,,,,,,,,,
,,,,,,,,,,,,,,,,,,,,,,,,,,,,
,,,,,,,,,,,,,,,,,,,,,,,,,,,,
,,,,,,,,,,,,,,,,,,,,,,,,,,,,
,,,,,,,,,,,,,,,,,,,,,,,,,,,,
,,,,,,,,,,,,,,,,,,,,,,,,,,,,
,,,,,,,,,,,,,,,,,,,,,,,,,,,,
,,,,,,,,,,,,,,,,,,,,,,,,,,,,
,,,,,,,,,,,,,,,,,,,,,,,,,,,,
,,,,,,,,,,,,,,,,,,,,,,,,,,,,
,,,,,,,,,,,,,,,,,,,,,,,,,,,,
,,,,,,,,,,,,,,,,,,,,,,,,,,,,
,,,,,,,,,,,,,,,,,,,,,,,,,,,,
,,,,,,,,,,,,,,,,,,,,,,,,,,,,
,,,,,,,,,,,,,,,,,,,,,,,,,,,,
,,,,,,,,,,,,,,,,,,,,,,,,,,,,
,,,,,,,,,,,,,,,,,,,,,,,,,,,,
,,,,,,,,,,,,,,,,,,,,,,,,,,,,
,,,,,,,,,,,,,,,,,,,,,,,,,,,,
,,,,,,,,,,,,,,,,,,,,,,,,,,,,
,,,,,,,,,,,,,,,,,,,,,,,,,,,,
,,,,,,,,,,,,,,,,,,,,,,,,,,,,
,,,,,,,,,,,,,,,,,,,,,,,,,,,,
,,,,,,,,,,,,,,,,,,,,,,,,,,,,
,,,,,,,,,,,,,,,,,,,,,,,,,,,,
,,,,,,,,,,,,,,,,,,,,,,,,,,,,
,,,,,,,,,,,,,,,,,,,,,,,,,,,,
,,,,,,,,,,,,,,,,,,,,,,,,,,,,
,,,,,,,,,,,,,,,,,,,,,,,,,,,,
,,,,,,,,,,,,,,,,,,,,,,,,,,,,
,,,,,,,,,,,,,,,,,,,,,,,,,,,,
,,,,,,,,,,,,,,,,,,,,,,,,,,,,
,,,,,,,,,,,,,,,,,,,,,,,,,,,,
,,,,,,,,,,,,,,,,,,,,,,,,,,,,
,,,,,,,,,,,,,,,,,,,,,,,,,,,,
,,,,,,,,,,,,,,,,,,,,,,,,,,,,
,,,,,,,,,,,,,,,,,,,,,,,,,,,,
,,,,,,,,,,,,,,,,,,,,,,,,,,,,
,,,,,,,,,,,,,,,,,,,,,,,,,,,,
,,,,,,,,,,,,,,,,,,,,,,,,,,,,
,,,,,,,,,,,,,,,,,,,,,,,,,,,,
,,,,,,,,,,,,,,,,,,,,,,,,,,,,
,,,,,,,,,,,,,,,,,,,,,,,,,,,,
,,,,,,,,,,,,,,,,,,,,,,,,,,,,
,,,,,,,,,,,,,,,,,,,,,,,,,,,,
,,,,,,,,,,,,,,,,,,,,,,,,,,,,
,,,,,,,,,,,,,,,,,,,,,,,,,,,,
,,,,,,,,,,,,,,,,,,,,,,,,,,,,
,,,,,,,,,,,,,,,,,,,,,,,,,,,,
,,,,,,,,,,,,,,,,,,,,,,,,,,,,
,,,,,,,,,,,,,,,,,,,,,,,,,,,,
,,,,,,,,,,,,,,,,,,,,,,,,,,,,
,,,,,,,,,,,,,,,,,,,,,,,,,,,,
,,,,,,,,,,,,,,,,,,,,,,,,,,,,
,,,,,,,,,,,,,,,,,,,,,,,,,,,,
,,,,,,,,,,,,,,,,,,,,,,,,,,,,
,,,,,,,,,,,,,,,,,,,,,,,,,,,,
,,,,,,,,,,,,,,,,,,,,,,,,,,,,
,,,,,,,,,,,,,,,,,,,,,,,,,,,,
,,,,,,,,,,,,,,,,,,,,,,,,,,,,
,,,,,,,,,,,,,,,,,,,,,,,,,,,,
,,,,,,,,,,,,,,,,,,,,,,,,,,,,
,,,,,,,,,,,,,,,,,,,,,,,,,,,,
,,,,,,,,,,,,,,,,,,,,,,,,,,,,
,,,,,,,,,,,,,,,,,,,,,,,,,,,,
,,,,,,,,,,,,,,,,,,,,,,,,,,,,
,,,,,,,,,,,,,,,,,,,,,,,,,,,,
,,,,,,,,,,,,,,,,,,,,,,,,,,,,
,,,,,,,,,,,,,,,,,,,,,,,,,,,,
,,,,,,,,,,,,,,,,,,,,,,,,,,,,
,,,,,,,,,,,,,,,,,,,,,,,,,,,,
,,,,,,,,,,,,,,,,,,,,,,,,,,,,
,,,,,,,,,,,,,,,,,,,,,,,,,,,,
,,,,,,,,,,,,,,,,,,,,,,,,,,,,
,,,,,,,,,,,,,,,,,,,,,,,,,,,,
,,,,,,,,,,,,,,,,,,,,,,,,,,,,
,,,,,,,,,,,,,,,,,,,,,,,,,,,,
,,,,,,,,,,,,,,,,,,,,,,,,,,,,
,,,,,,,,,,,,,,,,,,,,,,,,,,,,
,,,,,,,,,,,,,,,,,,,,,,,,,,,,
,,,,,,,,,,,,,,,,,,,,,,,,,,,,
,,,,,,,,,,,,,,,,,,,,,,,,,,,,
,,,,,,,,,,,,,,,,,,,,,,,,,,,,
,,,,,,,,,,,,,,,,,,,,,,,,,,,,
,,,,,,,,,,,,,,,,,,,,,,,,,,,,
,,,,,,,,,,,,,,,,,,,,,,,,,,,,
,,,,,,,,,,,,,,,,,,,,,,,,,,,,
,,,,,,,,,,,,,,,,,,,,,,,,,,,,
,,,,,,,,,,,,,,,,,,,,,,,,,,,,
,,,,,,,,,,,,,,,,,,,,,,,,,,,,
,,,,,,,,,,,,,,,,,,,,,,,,,,,,
,,,,,,,,,,,,,,,,,,,,,,,,,,,,
,,,,,,,,,,,,,,,,,,,,,,,,,,,,
,,,,,,,,,,,,,,,,,,,,,,,,,,,,
,,,,,,,,,,,,,,,,,,,,,,,,,,,,
,,,,,,,,,,,,,,,,,,,,,,,,,,,,
,,,,,,,,,,,,,,,,,,,,,,,,,,,,
,,,,,,,,,,,,,,,,,,,,,,,,,,,,
,,,,,,,,,,,,,,,,,,,,,,,,,,,,
,,,,,,,,,,,,,,,,,,,,,,,,,,,,
,,,,,,,,,,,,,,,,,,,,,,,,,,,,
,,,,,,,,,,,,,,,,,,,,,,,,,,,,
,,,,,,,,,,,,,,,,,,,,,,,,,,,,
,,,,,,,,,,,,,,,,,,,,,,,,,,,,
,,,,,,,,,,,,,,,,,,,,,,,,,,,,
,,,,,,,,,,,,,,,,,,,,,,,,,,,,
,,,,,,,,,,,,,,,,,,,,,,,,,,,,
,,,,,,,,,,,,,,,,,,,,,,,,,,,,
,,,,,,,,,,,,,,,,,,,,,,,,,,,,
,,,,,,,,,,,,,,,,,,,,,,,,,,,,
,,,,,,,,,,,,,,,,,,,,,,,,,,,,
,,,,,,,,,,,,,,,,,,,,,,,,,,,,
,,,,,,,,,,,,,,,,,,,,,,,,,,,,
,,,,,,,,,,,,,,,,,,,,,,,,,,,,
,,,,,,,,,,,,,,,,,,,,,,,,,,,,
,,,,,,,,,,,,,,,,,,,,,,,,,,,,
,,,,,,,,,,,,,,,,,,,,,,,,,,,,
,,,,,,,,,,,,,,,,,,,,,,,,,,,,
,,,,,,,,,,,,,,,,,,,,,,,,,,,,
,,,,,,,,,,,,,,,,,,,,,,,,,,,,
,,,,,,,,,,,,,,,,,,,,,,,,,,,,
,,,,,,,,,,,,,,,,,,,,,,,,,,,,
,,,,,,,,,,,,,,,,,,,,,,,,,,,,
,,,,,,,,,,,,,,,,,,,,,,,,,,,,
,,,,,,,,,,,,,,,,,,,,,,,,,,,,
,,,,,,,,,,,,,,,,,,,,,,,,,,,,
,,,,,,,,,,,,,,,,,,,,,,,,,,,,
,,,,,,,,,,,,,,,,,,,,,,,,,,,,
,,,,,,,,,,,,,,,,,,,,,,,,,,,,
,,,,,,,,,,,,,,,,,,,,,,,,,,,,
,,,,,,,,,,,,,,,,,,,,,,,,,,,,
,,,,,,,,,,,,,,,,,,,,,,,,,,,,
,,,,,,,,,,,,,,,,,,,,,,,,,,,,
,,,,,,,,,,,,,,,,,,,,,,,,,,,,
,,,,,,,,,,,,,,,,,,,,,,,,,,,,
,,,,,,,,,,,,,,,,,,,,,,,,,,,,
,,,,,,,,,,,,,,,,,,,,,,,,,,,,
,,,,,,,,,,,,,,,,,,,,,,,,,,,,
,,,,,,,,,,,,,,,,,,,,,,,,,,,,
,,,,,,,,,,,,,,,,,,,,,,,,,,,,
,,,,,,,,,,,,,,,,,,,,,,,,,,,,
,,,,,,,,,,,,,,,,,,,,,,,,,,,,
,,,,,,,,,,,,,,,,,,,,,,,,,,,,
,,,,,,,,,,,,,,,,,,,,,,,,,,,,
,,,,,,,,,,,,,,,,,,,,,,,,,,,,
,,,,,,,,,,,,,,,,,,,,,,,,,,,,
,,,,,,,,,,,,,,,,,,,,,,,,,,,,
,,,,,,,,,,,,,,,,,,,,,,,,,,,,
,,,,,,,,,,,,,,,,,,,,,,,,,,,,
,,,,,,,,,,,,,,,,,,,,,,,,,,,,
,,,,,,,,,,,,,,,,,,,,,,,,,,,,
,,,,,,,,,,,,,,,,,,,,,,,,,,,,
,,,,,,,,,,,,,,,,,,,,,,,,,,,,
,,,,,,,,,,,,,,,,,,,,,,,,,,,,
,,,,,,,,,,,,,,,,,,,,,,,,,,,,
,,,,,,,,,,,,,,,,,,,,,,,,,,,,
,,,,,,,,,,,,,,,,,,,,,,,,,,,,
,,,,,,,,,,,,,,,,,,,,,,,,,,,,
,,,,,,,,,,,,,,,,,,,,,,,,,,,,
,,,,,,,,,,,,,,,,,,,,,,,,,,,,
,,,,,,,,,,,,,,,,,,,,,,,,,,,,
,,,,,,,,,,,,,,,,,,,,,,,,,,,,
,,,,,,,,,,,,,,,,,,,,,,,,,,,,
,,,,,,,,,,,,,,,,,,,,,,,,,,,,
,,,,,,,,,,,,,,,,,,,,,,,,,,,,
,,,,,,,,,,,,,,,,,,,,,,,,,,,,
,,,,,,,,,,,,,,,,,,,,,,,,,,,,
,,,,,,,,,,,,,,,,,,,,,,,,,,,,
,,,,,,,,,,,,,,,,,,,,,,,,,,,,
,,,,,,,,,,,,,,,,,,,,,,,,,,,,
,,,,,,,,,,,,,,,,,,,,,,,,,,,,
,,,,,,,,,,,,,,,,,,,,,,,,,,,,
,,,,,,,,,,,,,,,,,,,,,,,,,,,,
,,,,,,,,,,,,,,,,,,,,,,,,,,,,
,,,,,,,,,,,,,,,,,,,,,,,,,,,,
,,,,,,,,,,,,,,,,,,,,,,,,,,,,
,,,,,,,,,,,,,,,,,,,,,,,,,,,,
,,,,,,,,,,,,,,,,,,,,,,,,,,,,
,,,,,,,,,,,,,,,,,,,,,,,,,,,,
,,,,,,,,,,,,,,,,,,,,,,,,,,,,
,,,,,,,,,,,,,,,,,,,,,,,,,,,,
,,,,,,,,,,,,,,,,,,,,,,,,,,,,
,,,,,,,,,,,,,,,,,,,,,,,,,,,,
,,,,,,,,,,,,,,,,,,,,,,,,,,,,
,,,,,,,,,,,,,,,,,,,,,,,,,,,,
,,,,,,,,,,,,,,,,,,,,,,,,,,,,
,,,,,,,,,,,,,,,,,,,,,,,,,,,,
,,,,,,,,,,,,,,,,,,,,,,,,,,,,
,,,,,,,,,,,,,,,,,,,,,,,,,,,,
,,,,,,,,,,,,,,,,,,,,,,,,,,,,
,,,,,,,,,,,,,,,,,,,,,,,,,,,,
,,,,,,,,,,,,,,,,,,,,,,,,,,,,
,,,,,,,,,,,,,,,,,,,,,,,,,,,,
,,,,,,,,,,,,,,,,,,,,,,,,,,,,
,,,,,,,,,,,,,,,,,,,,,,,,,,,,
,,,,,,,,,,,,,,,,,,,,,,,,,,,,
,,,,,,,,,,,,,,,,,,,,,,,,,,,,
,,,,,,,,,,,,,,,,,,,,,,,,,,,,
,,,,,,,,,,,,,,,,,,,,,,,,,,,,
,,,,,,,,,,,,,,,,,,,,,,,,,,,,
,,,,,,,,,,,,,,,,,,,,,,,,,,,,
,,,,,,,,,,,,,,,,,,,,,,,,,,,,
,,,,,,,,,,,,,,,,,,,,,,,,,,,,
,,,,,,,,,,,,,,,,,,,,,,,,,,,,
,,,,,,,,,,,,,,,,,,,,,,,,,,,,
,,,,,,,,,,,,,,,,,,,,,,,,,,,,
,,,,,,,,,,,,,,,,,,,,,,,,,,,,
,,,,,,,,,,,,,,,,,,,,,,,,,,,,
,,,,,,,,,,,,,,,,,,,,,,,,,,,,
,,,,,,,,,,,,,,,,,,,,,,,,,,,,
,,,,,,,,,,,,,,,,,,,,,,,,,,,,
,,,,,,,,,,,,,,,,,,,,,,,,,,,,
,,,,,,,,,,,,,,,,,,,,,,,,,,,,
,,,,,,,,,,,,,,,,,,,,,,,,,,,,
,,,,,,,,,,,,,,,,,,,,,,,,,,,,
,,,,,,,,,,,,,,,,,,,,,,,,,,,,
,,,,,,,,,,,,,,,,,,,,,,,,,,,,
,,,,,,,,,,,,,,,,,,,,,,,,,,,,
,,,,,,,,,,,,,,,,,,,,,,,,,,,,
,,,,,,,,,,,,,,,,,,,,,,,,,,,,
,,,,,,,,,,,,,,,,,,,,,,,,,,,,
,,,,,,,,,,,,,,,,,,,,,,,,,,,,
,,,,,,,,,,,,,,,,,,,,,,,,,,,,
,,,,,,,,,,,,,,,,,,,,,,,,,,,,
,,,,,,,,,,,,,,,,,,,,,,,,,,,,
,,,,,,,,,,,,,,,,,,,,,,,,,,,,
,,,,,,,,,,,,,,,,,,,,,,,,,,,,
,,,,,,,,,,,,,,,,,,,,,,,,,,,,
,,,,,,,,,,,,,,,,,,,,,,,,,,,,
,,,,,,,,,,,,,,,,,,,,,,,,,,,,
,,,,,,,,,,,,,,,,,,,,,,,,,,,,
,,,,,,,,,,,,,,,,,,,,,,,,,,,,
,,,,,,,,,,,,,,,,,,,,,,,,,,,,
,,,,,,,,,,,,,,,,,,,,,,,,,,,,
,,,,,,,,,,,,,,,,,,,,,,,,,,,,
,,,,,,,,,,,,,,,,,,,,,,,,,,,,
,,,,,,,,,,,,,,,,,,,,,,,,,,,,
,,,,,,,,,,,,,,,,,,,,,,,,,,,,
,,,,,,,,,,,,,,,,,,,,,,,,,,,,
,,,,,,,,,,,,,,,,,,,,,,,,,,,,
,,,,,,,,,,,,,,,,,,,,,,,,,,,,
,,,,,,,,,,,,,,,,,,,,,,,,,,,,
,,,,,,,,,,,,,,,,,,,,,,,,,,,,
,,,,,,,,,,,,,,,,,,,,,,,,,,,,
,,,,,,,,,,,,,,,,,,,,,,,,,,,,
,,,,,,,,,,,,,,,,,,,,,,,,,,,,
,,,,,,,,,,,,,,,,,,,,,,,,,,,,
,,,,,,,,,,,,,,,,,,,,,,,,,,,,
,,,,,,,,,,,,,,,,,,,,,,,,,,,,
,,,,,,,,,,,,,,,,,,,,,,,,,,,,
,,,,,,,,,,,,,,,,,,,,,,,,,,,,
,,,,,,,,,,,,,,,,,,,,,,,,,,,,
,,,,,,,,,,,,,,,,,,,,,,,,,,,,
,,,,,,,,,,,,,,,,,,,,,,,,,,,,
,,,,,,,,,,,,,,,,,,,,,,,,,,,,
,,,,,,,,,,,,,,,,,,,,,,,,,,,,
,,,,,,,,,,,,,,,,,,,,,,,,,,,,
,,,,,,,,,,,,,,,,,,,,,,,,,,,,
,,,,,,,,,,,,,,,,,,,,,,,,,,,,
,,,,,,,,,,,,,,,,,,,,,,,,,,,,
,,,,,,,,,,,,,,,,,,,,,,,,,,,,
,,,,,,,,,,,,,,,,,,,,,,,,,,,,
,,,,,,,,,,,,,,,,,,,,,,,,,,,,
,,,,,,,,,,,,,,,,,,,,,,,,,,,,
,,,,,,,,,,,,,,,,,,,,,,,,,,,,
,,,,,,,,,,,,,,,,,,,,,,,,,,,,
,,,,,,,,,,,,,,,,,,,,,,,,,,,,
,,,,,,,,,,,,,,,,,,,,,,,,,,,,
,,,,,,,,,,,,,,,,,,,,,,,,,,,,
,,,,,,,,,,,,,,,,,,,,,,,,,,,,
,,,,,,,,,,,,,,,,,,,,,,,,,,,,
,,,,,,,,,,,,,,,,,,,,,,,,,,,,
,,,,,,,,,,,,,,,,,,,,,,,,,,,,
,,,,,,,,,,,,,,,,,,,,,,,,,,,,
,,,,,,,,,,,,,,,,,,,,,,,,,,,,
,,,,,,,,,,,,,,,,,,,,,,,,,,,,
,,,,,,,,,,,,,,,,,,,,,,,,,,,,
,,,,,,,,,,,,,,,,,,,,,,,,,,,,
,,,,,,,,,,,,,,,,,,,,,,,,,,,,
,,,,,,,,,,,,,,,,,,,,,,,,,,,,
,,,,,,,,,,,,,,,,,,,,,,,,,,,,
,,,,,,,,,,,,,,,,,,,,,,,,,,,,
,,,,,,,,,,,,,,,,,,,,,,,,,,,,
,,,,,,,,,,,,,,,,,,,,,,,,,,,,
,,,,,,,,,,,,,,,,,,,,,,,,,,,,
,,,,,,,,,,,,,,,,,,,,,,,,,,,,
,,,,,,,,,,,,,,,,,,,,,,,,,,,,
,,,,,,,,,,,,,,,,,,,,,,,,,,,,
,,,,,,,,,,,,,,,,,,,,,,,,,,,,
,,,,,,,,,,,,,,,,,,,,,,,,,,,,
,,,,,,,,,,,,,,,,,,,,,,,,,,,,
,,,,,,,,,,,,,,,,,,,,,,,,,,,,
,,,,,,,,,,,,,,,,,,,,,,,,,,,,
,,,,,,,,,,,,,,,,,,,,,,,,,,,,
,,,,,,,,,,,,,,,,,,,,,,,,,,,,
,,,,,,,,,,,,,,,,,,,,,,,,,,,,
,,,,,,,,,,,,,,,,,,,,,,,,,,,,
,,,,,,,,,,,,,,,,,,,,,,,,,,,,
,,,,,,,,,,,,,,,,,,,,,,,,,,,,
,,,,,,,,,,,,,,,,,,,,,,,,,,,,
,,,,,,,,,,,,,,,,,,,,,,,,,,,,
,,,,,,,,,,,,,,,,,,,,,,,,,,,,
,,,,,,,,,,,,,,,,,,,,,,,,,,,,
,,,,,,,,,,,,,,,,,,,,,,,,,,,,
,,,,,,,,,,,,,,,,,,,,,,,,,,,,
,,,,,,,,,,,,,,,,,,,,,,,,,,,,
,,,,,,,,,,,,,,,,,,,,,,,,,,,,
,,,,,,,,,,,,,,,,,,,,,,,,,,,,
,,,,,,,,,,,,,,,,,,,,,,,,,,,,
,,,,,,,,,,,,,,,,,,,,,,,,,,,,
,,,,,,,,,,,,,,,,,,,,,,,,,,,,
,,,,,,,,,,,,,,,,,,,,,,,,,,,,
,,,,,,,,,,,,,,,,,,,,,,,,,,,,
,,,,,,,,,,,,,,,,,,,,,,,,,,,,
,,,,,,,,,,,,,,,,,,,,,,,,,,,,
,,,,,,,,,,,,,,,,,,,,,,,,,,,,
,,,,,,,,,,,,,,,,,,,,,,,,,,,,
,,,,,,,,,,,,,,,,,,,,,,,,,,,,
,,,,,,,,,,,,,,,,,,,,,,,,,,,,
,,,,,,,,,,,,,,,,,,,,,,,,,,,,
,,,,,,,,,,,,,,,,,,,,,,,,,,,,
,,,,,,,,,,,,,,,,,,,,,,,,,,,,
,,,,,,,,,,,,,,,,,,,,,,,,,,,,
,,,,,,,,,,,,,,,,,,,,,,,,,,,,
,,,,,,,,,,,,,,,,,,,,,,,,,,,,
,,,,,,,,,,,,,,,,,,,,,,,,,,,,
,,,,,,,,,,,,,,,,,,,,,,,,,,,,
,,,,,,,,,,,,,,,,,,,,,,,,,,,,
,,,,,,,,,,,,,,,,,,,,,,,,,,,,
,,,,,,,,,,,,,,,,,,,,,,,,,,,,
,,,,,,,,,,,,,,,,,,,,,,,,,,,,
,,,,,,,,,,,,,,,,,,,,,,,,,,,,
,,,,,,,,,,,,,,,,,,,,,,,,,,,,
,,,,,,,,,,,,,,,,,,,,,,,,,,,,
,,,,,,,,,,,,,,,,,,,,,,,,,,,,
,,,,,,,,,,,,,,,,,,,,,,,,,,,,
,,,,,,,,,,,,,,,,,,,,,,,,,,,,
,,,,,,,,,,,,,,,,,,,,,,,,,,,,
,,,,,,,,,,,,,,,,,,,,,,,,,,,,
,,,,,,,,,,,,,,,,,,,,,,,,,,,,
,,,,,,,,,,,,,,,,,,,,,,,,,,,,
,,,,,,,,,,,,,,,,,,,,,,,,,,,,
,,,,,,,,,,,,,,,,,,,,,,,,,,,,
,,,,,,,,,,,,,,,,,,,,,,,,,,,,
,,,,,,,,,,,,,,,,,,,,,,,,,,,,
,,,,,,,,,,,,,,,,,,,,,,,,,,,,
,,,,,,,,,,,,,,,,,,,,,,,,,,,,
,,,,,,,,,,,,,,,,,,,,,,,,,,,,
,,,,,,,,,,,,,,,,,,,,,,,,,,,,
,,,,,,,,,,,,,,,,,,,,,,,,,,,,
,,,,,,,,,,,,,,,,,,,,,,,,,,,,
,,,,,,,,,,,,,,,,,,,,,,,,,,,,
,,,,,,,,,,,,,,,,,,,,,,,,,,,,
,,,,,,,,,,,,,,,,,,,,,,,,,,,,
,,,,,,,,,,,,,,,,,,,,,,,,,,,,
,,,,,,,,,,,,,,,,,,,,,,,,,,,,
,,,,,,,,,,,,,,,,,,,,,,,,,,,,
,,,,,,,,,,,,,,,,,,,,,,,,,,,,
,,,,,,,,,,,,,,,,,,,,,,,,,,,,
,,,,,,,,,,,,,,,,,,,,,,,,,,,,
,,,,,,,,,,,,,,,,,,,,,,,,,,,,
,,,,,,,,,,,,,,,,,,,,,,,,,,,,
,,,,,,,,,,,,,,,,,,,,,,,,,,,,
,,,,,,,,,,,,,,,,,,,,,,,,,,,,
,,,,,,,,,,,,,,,,,,,,,,,,,,,,
,,,,,,,,,,,,,,,,,,,,,,,,,,,,
,,,,,,,,,,,,,,,,,,,,,,,,,,,,
,,,,,,,,,,,,,,,,,,,,,,,,,,,,
,,,,,,,,,,,,,,,,,,,,,,,,,,,,
,,,,,,,,,,,,,,,,,,,,,,,,,,,,
,,,,,,,,,,,,,,,,,,,,,,,,,,,,
,,,,,,,,,,,,,,,,,,,,,,,,,,,,
,,,,,,,,,,,,,,,,,,,,,,,,,,,,
,,,,,,,,,,,,,,,,,,,,,,,,,,,,
,,,,,,,,,,,,,,,,,,,,,,,,,,,,
,,,,,,,,,,,,,,,,,,,,,,,,,,,,
,,,,,,,,,,,,,,,,,,,,,,,,,,,,
,,,,,,,,,,,,,,,,,,,,,,,,,,,,
,,,,,,,,,,,,,,,,,,,,,,,,,,,,
,,,,,,,,,,,,,,,,,,,,,,,,,,,,
,,,,,,,,,,,,,,,,,,,,,,,,,,,,
,,,,,,,,,,,,,,,,,,,,,,,,,,,,
,,,,,,,,,,,,,,,,,,,,,,,,,,,,
,,,,,,,,,,,,,,,,,,,,,,,,,,,,
,,,,,,,,,,,,,,,,,,,,,,,,,,,,
,,,,,,,,,,,,,,,,,,,,,,,,,,,,
,,,,,,,,,,,,,,,,,,,,,,,,,,,,
,,,,,,,,,,,,,,,,,,,,,,,,,,,,
,,,,,,,,,,,,,,,,,,,,,,,,,,,,
,,,,,,,,,,,,,,,,,,,,,,,,,,,,
,,,,,,,,,,,,,,,,,,,,,,,,,,,,
,,,,,,,,,,,,,,,,,,,,,,,,,,,,
,,,,,,,,,,,,,,,,,,,,,,,,,,,,
,,,,,,,,,,,,,,,,,,,,,,,,,,,,
,,,,,,,,,,,,,,,,,,,,,,,,,,,,
,,,,,,,,,,,,,,,,,,,,,,,,,,,,
,,,,,,,,,,,,,,,,,,,,,,,,,,,,
,,,,,,,,,,,,,,,,,,,,,,,,,,,,
,,,,,,,,,,,,,,,,,,,,,,,,,,,,
,,,,,,,,,,,,,,,,,,,,,,,,,,,,
,,,,,,,,,,,,,,,,,,,,,,,,,,,,
,,,,,,,,,,,,,,,,,,,,,,,,,,,,
,,,,,,,,,,,,,,,,,,,,,,,,,,,,
,,,,,,,,,,,,,,,,,,,,,,,,,,,,
,,,,,,,,,,,,,,,,,,,,,,,,,,,,
,,,,,,,,,,,,,,,,,,,,,,,,,,,,
,,,,,,,,,,,,,,,,,,,,,,,,,,,,
,,,,,,,,,,,,,,,,,,,,,,,,,,,,
,,,,,,,,,,,,,,,,,,,,,,,,,,,,
,,,,,,,,,,,,,,,,,,,,,,,,,,,,
,,,,,,,,,,,,,,,,,,,,,,,,,,,,
,,,,,,,,,,,,,,,,,,,,,,,,,,,,
,,,,,,,,,,,,,,,,,,,,,,,,,,,,
,,,,,,,,,,,,,,,,,,,,,,,,,,,,
,,,,,,,,,,,,,,,,,,,,,,,,,,,,
,,,,,,,,,,,,,,,,,,,,,,,,,,,,
,,,,,,,,,,,,,,,,,,,,,,,,,,,,
,,,,,,,,,,,,,,,,,,,,,,,,,,,,
,,,,,,,,,,,,,,,,,,,,,,,,,,,,
,,,,,,,,,,,,,,,,,,,,,,,,,,,,
,,,,,,,,,,,,,,,,,,,,,,,,,,,,
,,,,,,,,,,,,,,,,,,,,,,,,,,,,
,,,,,,,,,,,,,,,,,,,,,,,,,,,,
,,,,,,,,,,,,,,,,,,,,,,,,,,,,
,,,,,,,,,,,,,,,,,,,,,,,,,,,,
,,,,,,,,,,,,,,,,,,,,,,,,,,,,
,,,,,,,,,,,,,,,,,,,,,,,,,,,,
,,,,,,,,,,,,,,,,,,,,,,,,,,,,
,,,,,,,,,,,,,,,,,,,,,,,,,,,,
,,,,,,,,,,,,,,,,,,,,,,,,,,,,
,,,,,,,,,,,,,,,,,,,,,,,,,,,,
,,,,,,,,,,,,,,,,,,,,,,,,,,,,
,,,,,,,,,,,,,,,,,,,,,,,,,,,,
,,,,,,,,,,,,,,,,,,,,,,,,,,,,
,,,,,,,,,,,,,,,,,,,,,,,,,,,,
,,,,,,,,,,,,,,,,,,,,,,,,,,,,
,,,,,,,,,,,,,,,,,,,,,,,,,,,,
,,,,,,,,,,,,,,,,,,,,,,,,,,,,
,,,,,,,,,,,,,,,,,,,,,,,,,,,,
,,,,,,,,,,,,,,,,,,,,,,,,,,,,
,,,,,,,,,,,,,,,,,,,,,,,,,,,,
,,,,,,,,,,,,,,,,,,,,,,,,,,,,
,,,,,,,,,,,,,,,,,,,,,,,,,,,,
,,,,,,,,,,,,,,,,,,,,,,,,,,,,
,,,,,,,,,,,,,,,,,,,,,,,,,,,,
,,,,,,,,,,,,,,,,,,,,,,,,,,,,
,,,,,,,,,,,,,,,,,,,,,,,,,,,,
,,,,,,,,,,,,,,,,,,,,,,,,,,,,
,,,,,,,,,,,,,,,,,,,,,,,,,,,,
,,,,,,,,,,,,,,,,,,,,,,,,,,,,
,,,,,,,,,,,,,,,,,,,,,,,,,,,,
,,,,,,,,,,,,,,,,,,,,,,,,,,,,
,,,,,,,,,,,,,,,,,,,,,,,,,,,,
,,,,,,,,,,,,,,,,,,,,,,,,,,,,
,,,,,,,,,,,,,,,,,,,,,,,,,,,,
,,,,,,,,,,,,,,,,,,,,,,,,,,,,
,,,,,,,,,,,,,,,,,,,,,,,,,,,,
,,,,,,,,,,,,,,,,,,,,,,,,,,,,
,,,,,,,,,,,,,,,,,,,,,,,,,,,,
,,,,,,,,,,,,,,,,,,,,,,,,,,,,
,,,,,,,,,,,,,,,,,,,,,,,,,,,,
,,,,,,,,,,,,,,,,,,,,,,,,,,,,
,,,,,,,,,,,,,,,,,,,,,,,,,,,,
,,,,,,,,,,,,,,,,,,,,,,,,,,,,
,,,,,,,,,,,,,,,,,,,,,,,,,,,,
,,,,,,,,,,,,,,,,,,,,,,,,,,,,
,,,,,,,,,,,,,,,,,,,,,,,,,,,,
,,,,,,,,,,,,,,,,,,,,,,,,,,,,
,,,,,,,,,,,,,,,,,,,,,,,,,,,,
,,,,,,,,,,,,,,,,,,,,,,,,,,,,
,,,,,,,,,,,,,,,,,,,,,,,,,,,,
,,,,,,,,,,,,,,,,,,,,,,,,,,,,
,,,,,,,,,,,,,,,,,,,,,,,,,,,,
,,,,,,,,,,,,,,,,,,,,,,,,,,,,
,,,,,,,,,,,,,,,,,,,,,,,,,,,,
,,,,,,,,,,,,,,,,,,,,,,,,,,,,
,,,,,,,,,,,,,,,,,,,,,,,,,,,,
,,,,,,,,,,,,,,,,,,,,,,,,,,,,
,,,,,,,,,,,,,,,,,,,,,,,,,,,,
,,,,,,,,,,,,,,,,,,,,,,,,,,,,
,,,,,,,,,,,,,,,,,,,,,,,,,,,,
,,,,,,,,,,,,,,,,,,,,,,,,,,,,
,,,,,,,,,,,,,,,,,,,,,,,,,,,,
,,,,,,,,,,,,,,,,,,,,,,,,,,,,
,,,,,,,,,,,,,,,,,,,,,,,,,,,,
,,,,,,,,,,,,,,,,,,,,,,,,,,,,
,,,,,,,,,,,,,,,,,,,,,,,,,,,,
,,,,,,,,,,,,,,,,,,,,,,,,,,,,
,,,,,,,,,,,,,,,,,,,,,,,,,,,,
,,,,,,,,,,,,,,,,,,,,,,,,,,,,
,,,,,,,,,,,,,,,,,,,,,,,,,,,,
,,,,,,,,,,,,,,,,,,,,,,,,,,,,
,,,,,,,,,,,,,,,,,,,,,,,,,,,,
,,,,,,,,,,,,,,,,,,,,,,,,,,,,
,,,,,,,,,,,,,,,,,,,,,,,,,,,,
,,,,,,,,,,,,,,,,,,,,,,,,,,,,
,,,,,,,,,,,,,,,,,,,,,,,,,,,,
,,,,,,,,,,,,,,,,,,,,,,,,,,,,
,,,,,,,,,,,,,,,,,,,,,,,,,,,,
,,,,,,,,,,,,,,,,,,,,,,,,,,,,
,,,,,,,,,,,,,,,,,,,,,,,,,,,,
,,,,,,,,,,,,,,,,,,,,,,,,,,,,
,,,,,,,,,,,,,,,,,,,,,,,,,,,,
,,,,,,,,,,,,,,,,,,,,,,,,,,,,
,,,,,,,,,,,,,,,,,,,,,,,,,,,,
,,,,,,,,,,,,,,,,,,,,,,,,,,,,
,,,,,,,,,,,,,,,,,,,,,,,,,,,,
,,,,,,,,,,,,,,,,,,,,,,,,,,,,
,,,,,,,,,,,,,,,,,,,,,,,,,,,,
,,,,,,,,,,,,,,,,,,,,,,,,,,,,
,,,,,,,,,,,,,,,,,,,,,,,,,,,,
,,,,,,,,,,,,,,,,,,,,,,,,,,,,
,,,,,,,,,,,,,,,,,,,,,,,,,,,,
,,,,,,,,,,,,,,,,,,,,,,,,,,,,
,,,,,,,,,,,,,,,,,,,,,,,,,,,,
,,,,,,,,,,,,,,,,,,,,,,,,,,,,
,,,,,,,,,,,,,,,,,,,,,,,,,,,,
,,,,,,,,,,,,,,,,,,,,,,,,,,,,
,,,,,,,,,,,,,,,,,,,,,,,,,,,,
,,,,,,,,,,,,,,,,,,,,,,,,,,,,
,,,,,,,,,,,,,,,,,,,,,,,,,,,,
,,,,,,,,,,,,,,,,,,,,,,,,,,,,
,,,,,,,,,,,,,,,,,,,,,,,,,,,,
,,,,,,,,,,,,,,,,,,,,,,,,,,,,
,,,,,,,,,,,,,,,,,,,,,,,,,,,,
,,,,,,,,,,,,,,,,,,,,,,,,,,,,
,,,,,,,,,,,,,,,,,,,,,,,,,,,,
,,,,,,,,,,,,,,,,,,,,,,,,,,,,
,,,,,,,,,,,,,,,,,,,,,,,,,,,,
,,,,,,,,,,,,,,,,,,,,,,,,,,,,
,,,,,,,,,,,,,,,,,,,,,,,,,,,,
,,,,,,,,,,,,,,,,,,,,,,,,,,,,
,,,,,,,,,,,,,,,,,,,,,,,,,,,,
,,,,,,,,,,,,,,,,,,,,,,,,,,,,
,,,,,,,,,,,,,,,,,,,,,,,,,,,,
,,,,,,,,,,,,,,,,,,,,,,,,,,,,
,,,,,,,,,,,,,,,,,,,,,,,,,,,,
,,,,,,,,,,,,,,,,,,,,,,,,,,,,
,,,,,,,,,,,,,,,,,,,,,,,,,,,,
,,,,,,,,,,,,,,,,,,,,,,,,,,,,
,,,,,,,,,,,,,,,,,,,,,,,,,,,,
,,,,,,,,,,,,,,,,,,,,,,,,,,,,
,,,,,,,,,,,,,,,,,,,,,,,,,,,,
,,,,,,,,,,,,,,,,,,,,,,,,,,,,
,,,,,,,,,,,,,,,,,,,,,,,,,,,,
,,,,,,,,,,,,,,,,,,,,,,,,,,,,
,,,,,,,,,,,,,,,,,,,,,,,,,,,,
,,,,,,,,,,,,,,,,,,,,,,,,,,,,
,,,,,,,,,,,,,,,,,,,,,,,,,,,,
,,,,,,,,,,,,,,,,,,,,,,,,,,,,
,,,,,,,,,,,,,,,,,,,,,,,,,,,,
,,,,,,,,,,,,,,,,,,,,,,,,,,,,
,,,,,,,,,,,,,,,,,,,,,,,,,,,,
,,,,,,,,,,,,,,,,,,,,,,,,,,,,
,,,,,,,,,,,,,,,,,,,,,,,,,,,,
,,,,,,,,,,,,,,,,,,,,,,,,,,,,
,,,,,,,,,,,,,,,,,,,,,,,,,,,,
,,,,,,,,,,,,,,,,,,,,,,,,,,,,
,,,,,,,,,,,,,,,,,,,,,,,,,,,,
,,,,,,,,,,,,,,,,,,,,,,,,,,,,
,,,,,,,,,,,,,,,,,,,,,,,,,,,,
,,,,,,,,,,,,,,,,,,,,,,,,,,,,
,,,,,,,,,,,,,,,,,,,,,,,,,,,,
,,,,,,,,,,,,,,,,,,,,,,,,,,,,
,,,,,,,,,,,,,,,,,,,,,,,,,,,,
,,,,,,,,,,,,,,,,,,,,,,,,,,,,
,,,,,,,,,,,,,,,,,,,,,,,,,,,,
,,,,,,,,,,,,,,,,,,,,,,,,,,,,
,,,,,,,,,,,,,,,,,,,,,,,,,,,,
,,,,,,,,,,,,,,,,,,,,,,,,,,,,
,,,,,,,,,,,,,,,,,,,,,,,,,,,,
,,,,,,,,,,,,,,,,,,,,,,,,,,,,
,,,,,,,,,,,,,,,,,,,,,,,,,,,,
,,,,,,,,,,,,,,,,,,,,,,,,,,,,
,,,,,,,,,,,,,,,,,,,,,,,,,,,,
,,,,,,,,,,,,,,,,,,,,,,,,,,,,
,,,,,,,,,,,,,,,,,,,,,,,,,,,,
,,,,,,,,,,,,,,,,,,,,,,,,,,,,
,,,,,,,,,,,,,,,,,,,,,,,,,,,,
,,,,,,,,,,,,,,,,,,,,,,,,,,,,
,,,,,,,,,,,,,,,,,,,,,,,,,,,,
,,,,,,,,,,,,,,,,,,,,,,,,,,,,
,,,,,,,,,,,,,,,,,,,,,,,,,,,,
,,,,,,,,,,,,,,,,,,,,,,,,,,,,
,,,,,,,,,,,,,,,,,,,,,,,,,,,,
,,,,,,,,,,,,,,,,,,,,,,,,,,,,
,,,,,,,,,,,,,,,,,,,,,,,,,,,,
,,,,,,,,,,,,,,,,,,,,,,,,,,,,
,,,,,,,,,,,,,,,,,,,,,,,,,,,,
,,,,,,,,,,,,,,,,,,,,,,,,,,,,
,,,,,,,,,,,,,,,,,,,,,,,,,,,,
,,,,,,,,,,,,,,,,,,,,,,,,,,,,
,,,,,,,,,,,,,,,,,,,,,,,,,,,,
,,,,,,,,,,,,,,,,,,,,,,,,,,,,
,,,,,,,,,,,,,,,,,,,,,,,,,,,,
,,,,,,,,,,,,,,,,,,,,,,,,,,,,
,,,,,,,,,,,,,,,,,,,,,,,,,,,,
,,,,,,,,,,,,,,,,,,,,,,,,,,,,
,,,,,,,,,,,,,,,,,,,,,,,,,,,,
,,,,,,,,,,,,,,,,,,,,,,,,,,,,
,,,,,,,,,,,,,,,,,,,,,,,,,,,,
,,,,,,,,,,,,,,,,,,,,,,,,,,,,
,,,,,,,,,,,,,,,,,,,,,,,,,,,,
,,,,,,,,,,,,,,,,,,,,,,,,,,,,
,,,,,,,,,,,,,,,,,,,,,,,,,,,,
,,,,,,,,,,,,,,,,,,,,,,,,,,,,
,,,,,,,,,,,,,,,,,,,,,,,,,,,,
,,,,,,,,,,,,,,,,,,,,,,,,,,,,
,,,,,,,,,,,,,,,,,,,,,,,,,,,,
